SALE TYPE,SOLD DATE,PROPERTY TYPE,ADDRESS,CITY,STATE OR PROVINCE,ZIP OR POSTAL CODE,PRICE,BEDS,BATHS,LOCATION,SQUARE FEET,LOT SIZE,YEAR BUILT,DAYS ON MARKET,$/SQUARE FEET,HOA/MONTH,STATUS,NEXT OPEN HOUSE START TIME,NEXT OPEN HOUSE END TIME,URL (SEE http://www.redfin.com/buy-a-home/comparative-market-analysis FOR INFO ON PRICING),SOURCE,MLS#,FAVORITE,INTERESTED,LATITUDE,LONGITUDE
MLS Listing,,Condo/Co-op,944 Dorchester Ave #10,Boston,MA,02125,610000,2,1.0,Dorchester's Savin Hill,1238,1238,1910,2,493,617,Active,March-8-2020 11:00 AM,March-8-2020 12:30 PM,http://www.redfin.com/MA/Boston/944-Dorchester-Ave-02125/unit-10/home/39913645,MLS PIN,72628585,N,Y,42.3185087,-71.0560755
MLS Listing,,Condo/Co-op,1 Avery St Unit 14A,Boston,MA,02111,1499000,2,2.5,Midtown,1488,1488,2000,3,1007,2071,Active,,,http://www.redfin.com/MA/Boston/1-Avery-St-02111/unit-14A/home/11511027,MLS PIN,72628257,N,Y,42.3534171,-71.06251
MLS Listing,,Condo/Co-op,106 13th St #317,Boston,MA,02129,619000,2,2.0,Charlestown's Navy Yard,1077,,1920,3,575,1022,Active,March-8-2020 01:00 PM,March-8-2020 02:30 PM,http://www.redfin.com/MA/Boston/106-13th-St-02129/unit-317/home/9051197,MLS PIN,72628095,N,Y,42.377706,-71.0505749
MLS Listing,,Condo/Co-op,496 Ashmont St #1,Boston,MA,02122,580000,2,1.5,Dorchester,1153,1153,1920,3,503,160,Active,March-8-2020 11:00 AM,March-8-2020 12:30 PM,http://www.redfin.com/MA/Boston/496-Ashmont-St-02122/unit-1/home/52878127,MLS PIN,72627835,N,Y,42.2891328,-71.0528777
MLS Listing,,Condo/Co-op,65 Glen Rd Unit H2,Brookline,MA,02445,609000,2,2.0,Brookline,1189,,1900,10,512,839,Active,March-8-2020 01:00 PM,March-8-2020 02:30 PM,http://www.redfin.com/MA/Brookline/65-Glen-Rd-02445/unit-H2/home/11489151,MLS PIN,72624367,N,Y,42.3269579,-71.1172823
MLS Listing,,Condo/Co-op,237 W 5Th St #1,Boston,MA,02127,699000,2,2.0,South Boston,817,817,1890,12,856,140,Active,March-8-2020 11:00 AM,March-8-2020 01:00 PM,http://www.redfin.com/MA/Boston/237-W-Fifth-St-02127/unit-1/home/12432197,MLS PIN,72623018,N,Y,42.3356698,-71.0501055
MLS Listing,,Condo/Co-op,59 Fleet St #5,Boston,MA,02109,795000,1,1.0,Waterfront,792,792,1900,17,1004,477,Active,March-8-2020 11:00 AM,March-8-2020 12:30 PM,http://www.redfin.com/MA/Boston/59-Fleet-St-02109/unit-5/home/9269712,MLS PIN,72621286,N,Y,42.3639789,-71.0513732
MLS Listing,,Condo/Co-op,156-160 Chelsea St #101,Boston,MA,02128,509000,1,2.0,East Boston,1377,1377,1945,24,370,461,Active,March-8-2020 01:00 PM,March-8-2020 02:30 PM,http://www.redfin.com/MA/Boston/156-Chelsea-St-02128/unit-101/home/21717224,MLS PIN,72618581,N,Y,42.3740594,-71.0341774
MLS Listing,,Condo/Co-op,650 Columbia Rd #1,Boston,MA,02125,430000,3,1.0,Dorchester's Uphams Corner,1297,,1907,29,332,200,Active,,,http://www.redfin.com/MA/Boston/650-Columbia-Rd-02125/unit-1/home/145353442,MLS PIN,72616901,N,Y,42.318819,-71.0637193
MLS Listing,,Condo/Co-op,380 Harrison Ave #1009,Boston,MA,02118,2215000,2,2.5,South End,1406,,2020,1,1575,1891,Active,,,http://www.redfin.com/MA/Boston/380-Harrison-Ave-02118/unit-1009/home/171034472,MLS PIN,72629960,N,Y,42.343914,-71.0635659
MLS Listing,,Condo/Co-op,111 Perkins St #236,Boston,MA,02130,899000,2,2.0,Jamaica Plain,1310,,1963,1,686,1451,Active,,,http://www.redfin.com/MA/Jamaica-Plain/111-Perkins-St-02130/unit-236/home/21772367,MLS PIN,72629867,N,Y,42.3222155,-71.1159742
MLS Listing,,Condo/Co-op,188 Brookline Ave Unit 23EG,Boston,MA,02215,3450000,3,3.0,The Fenway,1908,,2018,1,1808,2384,Active,,,http://www.redfin.com/MA/Boston/188-Brookline-Ave-02215/unit-23EG/home/169649295,MLS PIN,72629829,N,Y,42.3437734,-71.1017218
MLS Listing,,Condo/Co-op,100 Shawmut Ave #803,Boston,MA,02118,2767900,3,2.0,South End,1630,,2021,1,1698,1950,Active,,,http://www.redfin.com/MA/Boston/100-Shawmut-Ave-02118/unit-803/home/171033506,MLS PIN,72629827,N,Y,42.3466841,-71.0656551
MLS Listing,,Condo/Co-op,100 Shawmut Ave #301,Boston,MA,02118,1929900,2,2.0,South End,1157,,2021,1,1668,1395,Active,,,http://www.redfin.com/MA/Boston/100-Shawmut-Ave-02118/unit-301/home/171033493,MLS PIN,72629824,N,Y,42.3466841,-71.0656551
MLS Listing,,Condo/Co-op,100 Shawmut Ave #308,Boston,MA,02118,999900,1,1.0,South End,825,,2021,1,1212,724,Active,,,http://www.redfin.com/MA/Boston/100-Shawmut-Ave-02118/unit-308/home/171033457,MLS PIN,72629819,N,Y,42.3466841,-71.0656551
MLS Listing,,Condo/Co-op,729 E Fifth St #1,Boston,MA,02127,1255000,3,3.0,South Boston,1995,,1920,1,629,250,Active,March-8-2020 12:00 PM,March-8-2020 03:00 PM,http://www.redfin.com/MA/Boston/729-E-5th-St-02127/unit-1/home/171033421,MLS PIN,72629815,N,Y,42.33379,-71.03073
MLS Listing,,Condo/Co-op,21A High St #1,Milton,MA,02186,599000,2,2.0,Milton Hill,1000,,2020,1,599,225,Active,,,http://www.redfin.com/MA/Milton/21A-High-St-02186/unit-1/home/171033323,MLS PIN,72629810,N,Y,42.269548,-71.068551
MLS Listing,,Condo/Co-op,729 E Fifth St #2,Boston,MA,02127,1575000,3,3.0,South Boston,2010,,1920,1,784,250,Active,March-8-2020 12:00 PM,March-8-2020 03:00 PM,http://www.redfin.com/MA/Boston/729-E-5th-St-02127/unit-2/home/171033311,MLS PIN,72629809,N,Y,42.33379,-71.03073
MLS Listing,,Condo/Co-op,166 Falcon St Unit A,Boston,MA,02128,499000,2,2.0,East Boston's Eagle Hill,863,,1900,1,578,175,Active,March-8-2020 12:00 PM,March-8-2020 01:30 PM,http://www.redfin.com/MA/Boston/166-Falcon-St-02128/unit-A/home/171032151,MLS PIN,72629769,N,Y,42.3820578,-71.032109
MLS Listing,,Condo/Co-op,4 W Cottage St #1,Boston,MA,02125,300000,1,1.0,Boston,685,,2020,1,438,,Active,,,http://www.redfin.com/MA/Dorchester/4-W-Cottage-St-02125/unit-1/home/171031042,MLS PIN,72629707,N,Y,42.3210161,-71.0727087
MLS Listing,,Condo/Co-op,6 W Cottage St #1,Boston,MA,02125,300000,1,1.0,Boston,685,,2020,1,438,,Active,,,http://www.redfin.com/MA/Boston/6-W-Cottage-St-02125/unit-1/home/171031041,MLS PIN,72629706,N,Y,42.321071,-71.0727815
MLS Listing,,Condo/Co-op,4 W Cottage St #2,Boston,MA,02125,400000,3,1.0,Boston,1200,,2020,1,333,,Active,,,http://www.redfin.com/MA/Dorchester/4-W-Cottage-St-02125/unit-2/home/171031040,MLS PIN,72629705,N,Y,42.3210161,-71.0727087
MLS Listing,,Condo/Co-op,6 W Cottage St #2,Boston,MA,02125,400000,3,1.0,Boston,1200,,2020,1,333,,Active,,,http://www.redfin.com/MA/Boston/6-W-Cottage-St-02125/unit-2/home/171031039,MLS PIN,72629704,N,Y,42.321071,-71.0727815
MLS Listing,,Condo/Co-op,42 8th St #1308,Boston,MA,02129,549000,1,1.0,Charlestown's Navy Yard,682,682,1899,1,805,539,Active,March-8-2020 01:00 PM,March-8-2020 02:30 PM,http://www.redfin.com/MA/Boston/42-8th-St-02129/unit-1308/home/9328275,MLS PIN,72629691,N,Y,42.3749988,-71.0520878
MLS Listing,,Single Family Residential,53 Bateman St,Boston,MA,02131,569900,4,2.0,Roslindale,1236,6544,1961,1,461,,Active,March-8-2020 01:00 PM,March-8-2020 03:00 PM,http://www.redfin.com/MA/Boston/53-Bateman-St-02131/home/9181513,MLS PIN,72629661,N,Y,42.2714519,-71.1309957
MLS Listing,,Multi-Family (2-4 Unit),104 Deering Rd,Boston,MA,02126,910000,8,3.0,Boston,4479,4816,1920,1,203,,Active,,,http://www.redfin.com/MA/Mattapan/104-Deering-Rd-02126/home/9159042,MLS PIN,72629655,N,Y,42.285359,-71.0958547
MLS Listing,,Condo/Co-op,157 Beacon St #1,Boston,MA,02116,797000,1,1.0,Back Bay,680,,1860,1,1172,230,Active,March-8-2020 12:30 PM,March-8-2020 01:30 PM,http://www.redfin.com/MA/Boston/157-Beacon-St-02116/unit-1/home/9252361,MLS PIN,72629652,N,Y,42.3544373,-71.0751507
MLS Listing,,Condo/Co-op,157 Beacon St #2,Boston,MA,02116,2357000,2,2.0,Back Bay,2050,,1860,1,1150,692,Active,March-8-2020 11:00 AM,March-8-2020 12:30 PM,http://www.redfin.com/MA/Boston/157-Beacon-St-02116/unit-2/home/9252362,MLS PIN,72629647,N,Y,42.3544373,-71.0751507
MLS Listing,,Multi-Family (2-4 Unit),41 Rosseter St,Boston,MA,02121,449900,4,3.0,Dorchester's Mount Bowdoin,2471,3003,1905,1,182,,Active,March-8-2020 12:30 PM,March-8-2020 02:00 PM,http://www.redfin.com/MA/Dorchester/41-Rosseter-St-02121/home/9074978,MLS PIN,72629635,N,Y,42.3039079,-71.0756135
MLS Listing,,Condo/Co-op,38 Wentworth Ter #1,Boston,MA,02124,489000,3,2.0,Dorchester's Ashmont,1150,7900,,1,425,170,Active,,,http://www.redfin.com/MA/Boston/38-Wentworth-Ter-02124/unit-1/home/171029297,MLS PIN,72629631,N,Y,42.2868179,-71.0732458
MLS Listing,,Condo/Co-op,85 E India Row Unit 18D,Boston,MA,02110,699000,1,1.0,Boston,745,745,1972,1,938,690,Active,,,http://www.redfin.com/MA/Boston/85-E-India-Row-02110/unit-18D/home/9261545,MLS PIN,72629601,N,Y,42.3581217,-71.0498232
MLS Listing,,Condo/Co-op,85 E India Row Unit 30 C,Boston,MA,02110,1495000,2,2.0,Waterfront,1236,,1970,1,1210,1430,Active,,,http://www.redfin.com/MA/Boston/85-E-India-Row-02110/unit-30C/home/9261760,MLS PIN,72629600,N,Y,42.3581217,-71.0498232
MLS Listing,,Condo/Co-op,270 Bowen #2,Boston,MA,02127,695000,2,1.5,Boston,912,,1890,1,762,175,Active,March-8-2020 12:00 PM,March-8-2020 02:00 PM,http://www.redfin.com/MA/Boston/270-Bowen-St-02127/unit-2/home/28449814,MLS PIN,72629512,N,Y,42.3348262,-71.0489515
MLS Listing,,Condo/Co-op,10 Coffey St #2,Boston,MA,02122,309900,2,1.0,Boston,777,777,1965,1,399,304,Active,,,http://www.redfin.com/MA/Boston/10-Coffey-St-02122/unit-2/home/9064180,MLS PIN,72629482,N,Y,42.2889976,-71.0505996
MLS Listing,,Multi-Family (2-4 Unit),82-86 Sydney St,Boston,MA,02125,1300000,4,2.0,Dorchester's Savin Hill,2128,6457,1890,1,611,,Active,,,http://www.redfin.com/MA/Dorchester/82-Sydney-St-02125/home/9086745,MLS PIN,72629452,N,Y,42.3144004,-71.0528643
MLS Listing,,Condo/Co-op,764 Tremont St #5,Boston,MA,02118,719900,1,1.0,South End,814,,1900,1,884,139,Active,March-8-2020 12:00 PM,March-8-2020 02:00 PM,http://www.redfin.com/MA/Boston/764-Tremont-St-02118/unit-5/home/9286830,MLS PIN,72629444,N,Y,42.3395346,-71.0792279
MLS Listing,,Multi-Family (2-4 Unit),116 Lucerne St,Boston,MA,02124,639000,6,3.0,Boston,4053,4245,1925,1,158,,Active,,,http://www.redfin.com/MA/Boston/116-Lucerne-St-02124/home/9101049,MLS PIN,72629407,N,Y,42.2851607,-71.0889143
MLS Listing,,Condo/Co-op,57 Gates St Unit 3A,Boston,MA,02127,624500,2,1.0,South Boston,1013,,1880,1,616,205,Active,,,http://www.redfin.com/MA/Boston/57-Gates-St-02127/unit-3A/home/171026944,MLS PIN,72629398,N,Y,42.3319597,-71.0484187
MLS Listing,,Condo/Co-op,77-79 Willowwood St #2,Boston,MA,02124,324900,2,1.0,Boston,1095,4000,1905,1,297,220,Active,,,http://www.redfin.com/MA/Boston/77-Willowwood-St-02124/unit-2/home/171026942,MLS PIN,72629399,N,Y,42.2836969,-71.0862104
MLS Listing,,Condo/Co-op,22 Liberty Dr Unit 5L,Boston,MA,02210,875000,0,1.0,Seaport District,508,,2015,1,1722,483,Active,,,http://www.redfin.com/MA/Boston/22-Liberty-Dr-02210/unit-5L/home/114037244,MLS PIN,72629368,N,Y,42.3545972,-71.0452732
MLS Listing,,Single Family Residential,2-4 Ellswood St #4,Boston,MA,02132,849900,4,2.5,West Roxbury,1838,1838,2016,1,462,,Active,March-8-2020 11:00 AM,March-8-2020 12:30 PM,http://www.redfin.com/MA/Boston/2-Ellswood-St-02132/unit-4/home/169335727,MLS PIN,72629364,N,Y,42.2845948,-71.1700109
MLS Listing,,Condo/Co-op,59 Rutland St #1,Boston,MA,02118,2195000,2,2.0,Boston,2037,1820,1899,1,1078,320,Active,March-8-2020 02:00 PM,March-8-2020 04:00 PM,http://www.redfin.com/MA/Boston/59-Rutland-St-02118/unit-1/home/21719274,MLS PIN,72629357,N,Y,42.3402731,-71.0761908
MLS Listing,,Condo/Co-op,252 Gold St #2,Boston,MA,02127,540000,1,1.0,South Boston,550,550,1875,1,982,146,Active,March-8-2020 12:00 PM,March-8-2020 02:00 PM,http://www.redfin.com/MA/Boston/252-Gold-St-02127/unit-2/home/39892985,MLS PIN,72629338,N,Y,42.3355694,-71.0484037
MLS Listing,,Condo/Co-op,975 Memorial Dr #807,Cambridge,MA,02138,6499000,3,3.5,Cambridge,2073,,1986,1,3135,2107,Active,,,http://www.redfin.com/MA/Cambridge/975-Memorial-Dr-02138/unit-807/home/11574870,MLS PIN,72629328,N,Y,42.3716982,-71.1236136
MLS Listing,,Townhouse,214 Kent St #214,Brookline,MA,02446,1395000,3,3.5,Coolidge Corner,1781,,1967,1,783,,Active,March-8-2020 12:00 PM,March-8-2020 01:30 PM,http://www.redfin.com/MA/Brookline/214-Kent-St-02446/unit-214/home/137824408,MLS PIN,72629314,N,Y,42.3383002,-71.1129534
MLS Listing,,Condo/Co-op,56 Charlesgate E #146,Boston,MA,02215,530000,1,1.0,The Fenway,525,,1900,1,1010,367,Active,,,http://www.redfin.com/MA/Boston/56-Charlesgate-E-02215/unit-146/home/9240746,MLS PIN,72629279,N,Y,42.3473869,-71.0913363
MLS Listing,,Condo/Co-op,300 Allston St #503,Boston,MA,02135,549900,1,1.0,Brighton,818,818,2002,2,672,446,Active,March-8-2020 11:30 AM,March-8-2020 01:30 PM,http://www.redfin.com/MA/Boston/300-Allston-St-02135/unit-503/home/9322340,MLS PIN,72629246,N,Y,42.3440819,-71.140343
MLS Listing,,Vacant Land,185 Saint Theresa Ave,Boston,MA,02132,599000,,,West Roxbury,,18910,,2,,,Active,,,http://www.redfin.com/MA/West-Roxbury/185-St-Theresa-Ave-02132/home/9215859,MLS PIN,72629193,N,Y,42.2743991,-71.1521043
MLS Listing,,Townhouse,191 Beacon St #3,Boston,MA,02116,569000,0,1.0,Back Bay,398,,1905,2,1430,206,Active,March-8-2020 11:30 AM,March-8-2020 12:30 PM,http://www.redfin.com/MA/Boston/191-Beacon-St-02116/unit-3/home/18982400,MLS PIN,72629154,N,Y,42.3541208,-71.0763283
MLS Listing,,Condo/Co-op,292-294 D St #3,Boston,MA,02127,799000,3,2.0,South Boston,861,871,1910,2,928,150,Active,March-8-2020 12:00 PM,March-8-2020 02:00 PM,http://www.redfin.com/MA/Boston/292-D-St-02127/unit-3/home/9185275,MLS PIN,72629152,N,Y,42.3398701,-71.049805
MLS Listing,,Condo/Co-op,97 Anderer Ln #204,Boston,MA,02132,499999,2,2.0,Boston,1130,,1989,2,442,458,Active,March-8-2020 12:00 PM,March-8-2020 02:00 PM,http://www.redfin.com/MA/Boston/97-Anderer-Ln-02132/unit-204/home/9201039,MLS PIN,72629135,N,Y,42.2935491,-71.169289
MLS Listing,,Single Family Residential,660 LaGrange St,Boston,MA,02132,679000,4,2.5,West Roxbury,2090,3525,1967,2,325,,Active,March-8-2020 12:00 PM,March-8-2020 01:30 PM,http://www.redfin.com/MA/West-Roxbury/660-Lagrange-St-02132/home/9210269,MLS PIN,72629127,N,Y,42.2878777,-71.1659479
MLS Listing,,Multi-Family (2-4 Unit),21 Castlegate Rd,Boston,MA,02121,749000,9,3.0,Dorchester's Grove Hall,4104,2557,1918,2,183,,Active,,,http://www.redfin.com/MA/Boston/21-Castlegate-Rd-02121/home/11834414,MLS PIN,72629120,N,Y,42.3068261,-71.0831344
MLS Listing,,Condo/Co-op,10 Coffey St #16,Boston,MA,02122,370000,2,1.0,Dorchester's Neponset,779,779,1965,2,475,357,Active,March-8-2020 11:00 AM,March-8-2020 01:00 PM,http://www.redfin.com/MA/Boston/10-Coffey-St-02122/unit-16/home/9064194,MLS PIN,72629111,N,Y,42.2889976,-71.0505996
MLS Listing,,Condo/Co-op,150 Orleans #607,Boston,MA,02128,699000,2,2.0,Boston,1131,1131,1920,2,618,653,Active,March-8-2020 11:00 AM,March-8-2020 12:30 PM,http://www.redfin.com/MA/Boston/150-Orleans-St-02128/unit-607/home/9107479,MLS PIN,72629081,N,Y,42.3702907,-71.0362555
MLS Listing,,Single Family Residential,26 DENTON Ter,Boston,MA,02131,549000,4,1.5,Roslindale,1446,4200,1900,2,380,,Active,March-8-2020 12:00 PM,March-8-2020 01:30 PM,http://www.redfin.com/MA/Roslindale/26-Denton-Ter-02131/home/9177086,MLS PIN,72629075,N,Y,42.2800045,-71.1325275
MLS Listing,,Condo/Co-op,290 Commonwealth Ave #25,Boston,MA,02115,2085000,2,2.0,Back Bay,1295,,1900,2,1610,1131,Active,,,http://www.redfin.com/MA/Boston/290-Commonwealth-Ave-02115/unit-25/home/9266306,MLS PIN,72629044,N,Y,42.3496101,-71.0848433
MLS Listing,,Multi-Family (2-4 Unit),22 Pearl St,Somerville,MA,02145,1964000,8,7.0,Somerville,4800,4245,1900,2,409,,Active,March-8-2020 11:30 AM,March-8-2020 12:30 PM,http://www.redfin.com/MA/Somerville/22-Pearl-St-02145/home/8740918,MLS PIN,72629038,N,Y,42.3835726,-71.0811846
MLS Listing,,Single Family Residential,36-38 Glenellen Rd,Boston,MA,02132,489000,2,1.0,Boston,954,5789,1930,2,513,,Active,March-8-2020 11:00 AM,March-8-2020 01:30 PM,http://www.redfin.com/MA/Boston/36-Glenellen-Rd-02132/home/9219473,MLS PIN,72629022,N,Y,42.2690731,-71.1628233
MLS Listing,,Condo/Co-op,3 Avery St #904,Boston,MA,02111,799000,2,3.0,Midtown,1751,1751,2004,2,456,2981,Active,,,http://www.redfin.com/MA/Boston/3-Avery-St-02111/unit-904/home/11838813,MLS PIN,72628909,N,Y,42.353596,-71.0628695
MLS Listing,,Condo/Co-op,1810 Dorchester #4,Boston,MA,02124,245000,1,1.0,Dorchester's Ashmont,450,,1905,2,544,141,Active,,,http://www.redfin.com/MA/Boston/1810-Dorchester-Ave-02124/unit-4/home/12431808,MLS PIN,72628893,N,Y,42.2888807,-71.0632048
MLS Listing,,Condo/Co-op,197 8Th St #630,Boston,MA,02129,949900,2,2.0,Charlestown's Navy Yard,1360,,1989,2,698,1439,Active,,,http://www.redfin.com/MA/Boston/197-8th-St-02129/unit-630/home/9050271,MLS PIN,72628887,N,Y,42.3733848,-71.0519798
MLS Listing,,Townhouse,75 Beacon St Unit A,Boston,MA,02108,9300000,3,3.5,Beacon Hill,3384,,1899,2,2748,,Active,,,http://www.redfin.com/MA/Boston/75-Beacon-St-02108/unit-A/home/170967010,MLS PIN,72628855,N,Y,42.3561806,-71.0705067
MLS Listing,,Condo/Co-op,100 Shawmut Ave #811,Boston,MA,02118,797900,1,1.0,South End,598,,2021,2,1334,544,Active,,,http://www.redfin.com/MA/Boston/100-Shawmut-Ave-02118/unit-811/home/170964779,MLS PIN,72628834,N,Y,42.3466841,-71.0656551
MLS Listing,,Condo/Co-op,5 Appleton St Unit 6C,Boston,MA,02116,1199000,2,2.0,South End,1045,1045,1900,2,1147,452,Active,March-8-2020 12:00 PM,March-8-2020 01:30 PM,http://www.redfin.com/MA/Boston/5-Appleton-St-02116/unit-6C/home/9235293,MLS PIN,72628820,N,Y,42.3466867,-71.0698758
MLS Listing,,Condo/Co-op,42 8th St #1314,Boston,MA,02129,629000,1,1.5,Charlestown's Navy Yard,940,,1899,2,669,716,Active,March-8-2020 11:30 AM,March-8-2020 12:30 PM,http://www.redfin.com/MA/Boston/42-8th-St-02129/unit-1314/home/11511676,MLS PIN,72628814,N,Y,42.3749988,-71.0520878
MLS Listing,,Condo/Co-op,232 Old Colony Ave #26,Boston,MA,02127,975000,2,2.5,South Boston,1524,,2019,2,640,530,Active,,,http://www.redfin.com/MA/Boston/232-Old-Colony-Ave-02127/unit-26/home/170958993,MLS PIN,72628792,N,Y,42.3322021,-71.0532589
MLS Listing,,Condo/Co-op,26 Newport St #1,Boston,MA,02125,749900,2,2.5,Dorchester's Savin Hill,1431,,1900,2,524,253,Active,March-8-2020 11:00 AM,March-8-2020 12:30 PM,http://www.redfin.com/MA/Dorchester/26-Newport-St-02125/unit-1/home/143935427,MLS PIN,72628766,N,Y,42.31817,-71.0538393
MLS Listing,,Condo/Co-op,22 Pearl St #2,Somerville,MA,02145,1095000,5,4.0,Somerville,2500,4245,1900,2,438,150,Active,March-8-2020 11:30 AM,March-8-2020 12:30 PM,http://www.redfin.com/MA/Somerville/22-Pearl-St-02145/unit-2/home/170957010,MLS PIN,72628724,N,Y,42.3835726,-71.0811846
MLS Listing,,Condo/Co-op,22 Pearl St #1,Somerville,MA,02145,879000,3,3.0,Somerville,2200,4245,1900,2,400,110,Active,March-8-2020 11:30 AM,March-8-2020 12:30 PM,http://www.redfin.com/MA/Somerville/22-Pearl-St-02145/unit-1/home/170957009,MLS PIN,72628721,N,Y,42.3835726,-71.0811846
MLS Listing,,Multi-Family (2-4 Unit),141 Brayton Rd,Boston,MA,02135,899000,4,2.0,Brighton,2150,4366,1925,2,418,,Active,March-8-2020 02:00 PM,March-8-2020 04:00 PM,http://www.redfin.com/MA/Brighton/141-Brayton-Rd-02135/home/9040514,MLS PIN,72628717,N,Y,42.349662,-71.1732118
MLS Listing,,Condo/Co-op,8 Gloucester St #9,Boston,MA,02115,1295000,2,2.0,Back Bay,1175,,1919,2,1102,669,Active,March-8-2020 12:00 PM,March-8-2020 01:30 PM,http://www.redfin.com/MA/Boston/8-Gloucester-St-02115/unit-9/home/9245581,MLS PIN,72628711,N,Y,42.3512187,-71.0853982
MLS Listing,,Condo/Co-op,63 Myrtle St #6,Boston,MA,02114,1575000,3,2.0,Beacon Hill,1332,,1900,2,1182,366,Active,March-8-2020 11:30 AM,March-8-2020 01:00 PM,http://www.redfin.com/MA/Boston/63-Myrtle-St-02114/unit-6/home/169264136,MLS PIN,72628707,N,Y,42.3594109,-71.0667386
MLS Listing,,Condo/Co-op,42 8Th St #3109,Boston,MA,02129,509000,1,1.0,Charlestown's Navy Yard,682,,1899,2,746,572,Active,March-8-2020 12:00 PM,March-8-2020 01:00 PM,http://www.redfin.com/MA/Boston/42-8th-St-02129/unit-3109/home/11511436,MLS PIN,72628662,N,Y,42.3749988,-71.0520878
MLS Listing,,Condo/Co-op,163 W 7th St #1,Boston,MA,02127,675000,2,1.5,South Boston,1133,,1890,2,596,120,Active,March-8-2020 11:30 AM,March-8-2020 01:00 PM,http://www.redfin.com/MA/Boston/163-W-Seventh-St-02127/unit-1/home/12114291,MLS PIN,72628649,N,Y,42.3348439,-71.0520648
MLS Listing,,Condo/Co-op,69 Preble #1,Boston,MA,02127,649000,2,1.0,South Boston,820,,2020,2,791,225,Active,,,http://www.redfin.com/MA/Boston/69-Preble-St-02109/unit-1/home/170955980,MLS PIN,72628629,N,Y,42.3290853,-71.0538866
MLS Listing,,Vacant Land,59 Hemman St,Boston,MA,02131,949000,,,Roslindale,,14715,,2,,,Active,,,http://www.redfin.com/MA/Boston/59-Hemman-St-02131/home/139818823,MLS PIN,72628613,N,Y,42.2772641,-71.1306187
MLS Listing,,Condo/Co-op,250 Meridian St #407,Boston,MA,02128,599900,1,1.0,East Boston,734,,2016,2,817,284,Active,March-8-2020 12:00 PM,March-8-2020 01:30 PM,http://www.redfin.com/MA/Boston/250-Meridian-St-02128/unit-407/home/145285729,MLS PIN,72628596,N,Y,42.3762796,-71.0393243
MLS Listing,,Condo/Co-op,1 Nassau #1701,Boston,MA,02111,859000,2,2.0,Chinatown,1029,,2004,2,835,993,Active,,,http://www.redfin.com/MA/Boston/1-Nassau-St-02111/unit-1701/home/9325824,MLS PIN,72628594,N,Y,42.348524,-71.0629362
MLS Listing,,Condo/Co-op,21 Father Francis Gilday St #205,Boston,MA,02118,1249000,2,2.0,South End,1144,,2006,2,1092,1048,Active,March-8-2020 11:30 AM,March-8-2020 12:30 PM,http://www.redfin.com/MA/Boston/21-Father-Francis-Gilday-St-02118/unit-205/home/21718087,MLS PIN,72628586,N,Y,42.3371558,-71.0732041
MLS Listing,,Single Family Residential,9 Concord Ave,Boston,MA,02129,875000,2,1.5,Charlestown,1173,1050,1870,2,746,,Active,March-8-2020 12:30 PM,March-8-2020 02:00 PM,http://www.redfin.com/MA/Charlestown/9-Concord-Ave-02129/home/9062362,MLS PIN,72628567,N,Y,42.3767771,-71.0592023
MLS Listing,,Single Family Residential,214 Kent St,Brookline,MA,02446,1395000,3,3.5,Brookline,1781,2261,1967,2,783,,Active,March-8-2020 12:00 PM,March-8-2020 01:30 PM,http://www.redfin.com/MA/Brookline/214-Kent-St-02446/home/11461161,MLS PIN,72628549,N,Y,42.3383065,-71.1129265
MLS Listing,,Single Family Residential,54 Pinckney St,Boston,MA,02114,5995000,5,5.0,Beacon Hill,3825,1344,1834,2,1567,,Active,,,http://www.redfin.com/MA/Boston/54-Pinckney-St-02114/home/9259134,MLS PIN,72628545,N,Y,42.3587023,-71.0673588
MLS Listing,,Condo/Co-op,11 S Fairview St #4,Boston,MA,02131,449000,2,1.0,Roslindale,1012,,1940,2,444,390,Active,March-8-2020 12:30 PM,March-8-2020 01:30 PM,http://www.redfin.com/MA/Roslindale/11-S-Fairview-St-02131/unit-4/home/9300465,MLS PIN,72628542,N,Y,42.2877825,-71.131808
MLS Listing,,Condo/Co-op,88 W Springfield #4,Boston,MA,02118,549000,1,1.0,South End,581,581,1905,2,945,114,Active,March-8-2020 12:00 PM,March-8-2020 01:00 PM,http://www.redfin.com/MA/Boston/88-W-Springfield-St-02118/unit-4/home/9311245,MLS PIN,72628526,N,Y,42.3372701,-71.0769813
MLS Listing,,Condo/Co-op,One Westinghouse Plz #328,Boston,MA,02136,459900,1,1.0,Hyde Park's Readville,1530,,1908,2,301,308,Active,March-8-2020 01:00 PM,March-8-2020 03:00 PM,http://www.redfin.com/MA/Boston/One-Westinghouse-Plz-02136/unit-328/home/170955600,MLS PIN,72621446,N,Y,42.2443458,-71.1329324
MLS Listing,,Single Family Residential,537 E 4Th St,Boston,MA,02127,1885000,4,3.5,South Boston,3739,2375,1890,3,504,,Active,,,http://www.redfin.com/MA/Boston/537-E-4th-St-02127/home/11836308,MLS PIN,72628503,N,Y,42.334431,-71.043323
MLS Listing,,Condo/Co-op,48 Hano St #1,Boston,MA,02134,699000,2,3.0,Allston,1548,,1890,3,452,,Active,March-8-2020 11:00 AM,March-8-2020 12:30 PM,http://www.redfin.com/MA/Boston/48-Hano-St-02134/unit-1/home/167115475,MLS PIN,72628499,N,Y,42.3557437,-71.1371398
MLS Listing,,Condo/Co-op,470 E 8th St #2,Boston,MA,02127,739000,2,2.0,South Boston,1037,,1905,3,713,165,Active,March-8-2020 11:30 AM,March-8-2020 01:30 PM,http://www.redfin.com/MA/Boston/470-E-8th-St-02127/unit-2/home/55143040,MLS PIN,72628496,N,Y,42.3314963,-71.0422112
MLS Listing,,Condo/Co-op,51 Bicknell #3,Boston,MA,02121,465000,2,2.0,Dorchester,1000,7556,1889,3,465,190,Active,March-8-2020 01:30 PM,March-8-2020 03:00 PM,http://www.redfin.com/MA/Boston/51-Bicknell-St-02121/unit-3/home/170955502,MLS PIN,72628480,N,Y,42.2982242,-71.0828095
MLS Listing,,Condo/Co-op,985 Memorial Dr #502,Cambridge,MA,02138,1250000,1,1.0,Harvard Square,1190,,1920,3,1050,1294,Active,,,http://www.redfin.com/MA/Cambridge/985-Memorial-Dr-02138/unit-502/home/170955480,MLS PIN,72628474,N,Y,42.37276,-71.125266
MLS Listing,,Single Family Residential,8 VFW Pkwy,Boston,MA,02132,649900,3,1.5,West Roxbury,1596,6362,1950,3,407,,Active,March-8-2020 01:00 PM,March-8-2020 03:00 PM,http://www.redfin.com/MA/West-Roxbury/8-VFW-Pkwy-02132/home/9167693,MLS PIN,72628457,N,Y,42.2963681,-71.1357884
MLS Listing,,Condo/Co-op,215 D St #1,Boston,MA,02127,849000,2,2.0,South Boston,1160,1160,2014,3,732,187,Active,March-8-2020 11:00 AM,March-8-2020 01:00 PM,http://www.redfin.com/MA/Boston/215-D-St-02127/unit-1/home/109543780,MLS PIN,72628434,N,Y,42.3377564,-71.0518355
MLS Listing,,Condo/Co-op,583 Massachusetts Ave #4,Boston,MA,02118,925000,3,1.5,South End,912,,1820,3,1014,303,Active,,,http://www.redfin.com/MA/Boston/583-Massachusetts-Ave-02118/unit-4/home/145245820,MLS PIN,72628429,N,Y,42.3373404,-71.0784773
MLS Listing,,Condo/Co-op,9 Everett Ave #1,Boston,MA,02125,479000,2,1.0,Dorchester,632,,2017,3,758,147,Active,March-8-2020 12:00 PM,March-8-2020 01:00 PM,http://www.redfin.com/MA/Dorchester/9-Everett-Ave-02125/unit-1/home/113616584,MLS PIN,72628426,N,Y,42.3157629,-71.063143
MLS Listing,,Condo/Co-op,108 P St #1,Boston,MA,02127,699999,2,2.0,South Boston's City Point,1070,1070,1902,3,654,225,Active,March-8-2020 01:00 PM,March-8-2020 02:30 PM,http://www.redfin.com/MA/Boston/108-P-St-02127/unit-1/home/12430961,MLS PIN,72628421,N,Y,42.3346012,-71.0268881
MLS Listing,,Condo/Co-op,745 E Broadway #1,Boston,MA,02127,1150000,3,3.0,South Boston,2110,,1892,3,545,325,Active,March-8-2020 11:30 AM,March-8-2020 01:30 PM,http://www.redfin.com/MA/Boston/745-E-Broadway-02127/unit-1/home/109543799,MLS PIN,72628415,N,Y,42.3353321,-71.0358243
MLS Listing,,Townhouse,5 Ridge St #5,Boston,MA,02131,400000,2,1.5,Roslindale,1001,,1987,3,400,130,Active,,,http://www.redfin.com/MA/Boston/5-Ridge-St-02131/unit-5/home/137786546,MLS PIN,72628412,N,Y,42.2855907,-71.1204528
MLS Listing,,Condo/Co-op,496 Columbus Ave #1,Boston,MA,02118,995000,1,1.0,Boston,881,881,1900,3,1129,230,Active,,,http://www.redfin.com/MA/Boston/496-Columbus-Ave-02118/unit-1/home/9284249,MLS PIN,72628388,N,Y,42.3424422,-71.079052
MLS Listing,,Condo/Co-op,145 Brooks St #3,Boston,MA,02135,489000,2,1.0,Brighton,1289,,1920,3,379,531,Active,March-8-2020 11:00 AM,March-8-2020 12:30 PM,http://www.redfin.com/MA/Boston/145-Brooks-St-02135/unit-3/home/9030793,MLS PIN,72628370,N,Y,42.3525575,-71.1634747
MLS Listing,,Condo/Co-op,735 Harrison Unit W202,Boston,MA,02118,327219,1,1.0,Boston,959,,2006,3,341,476,Active,,,http://www.redfin.com/MA/Boston/735-Harrison-Ave-02118/unit-W202/home/21717540,MLS PIN,72628367,N,Y,42.3380415,-71.0716714
MLS Listing,,Condo/Co-op,20 Westgate Rd #6,Boston,MA,02467,389000,2,1.0,Chestnut Hill,775,775,1965,3,502,385,Active,March-8-2020 01:00 PM,March-8-2020 02:30 PM,http://www.redfin.com/MA/Chestnut-Hill/20-Westgate-Rd-02467/unit-6/home/170954859,MLS PIN,72628359,N,Y,42.301301,-71.1660043
MLS Listing,,Multi-Family (2-4 Unit),182 Falcon St,Boston,MA,02128,849000,6,3.0,Boston,1950,2187,1910,3,435,,Active,March-8-2020 12:00 PM,March-8-2020 02:00 PM,http://www.redfin.com/MA/Boston/182-Falcon-St-02128/home/9113829,MLS PIN,72628335,N,Y,42.3821315,-71.0315067
MLS Listing,,Condo/Co-op,45 Burnett St #206,Boston,MA,02130,849000,3,2.0,Jamaica Plain,1337,29669,2020,3,635,635,Active,,,http://www.redfin.com/MA/Boston/45-Burnett-St-02130/unit-206/home/147033226,MLS PIN,72628332,N,Y,42.3044838,-71.110609
MLS Listing,,Condo/Co-op,700 Harrison Ave #507,Boston,MA,02118,825000,1,1.0,South End,746,,2006,3,1106,401,Active,,,http://www.redfin.com/MA/Boston/700-Harrison-Ave-02118/unit-507/home/21717436,MLS PIN,72628303,N,Y,42.3383302,-71.0702965
MLS Listing,,Single Family Residential,8 Lawrence St,Boston,MA,02129,999000,4,1.5,Charlestown,1658,2613,1900,3,603,,Active,March-8-2020 11:30 AM,March-8-2020 01:00 PM,http://www.redfin.com/MA/Charlestown/8-Lawrence-St-02129/home/9058077,MLS PIN,72628276,N,Y,42.3743706,-71.065156
MLS Listing,,Multi-Family (2-4 Unit),5 Tovar,Boston,MA,02122,799000,0,,Dorchester,3285,2741,1905,3,243,,Active,,,http://www.redfin.com/MA/Dorchester/5-Tovar-St-02122/home/9073175,MLS PIN,72628275,N,Y,42.3102997,-71.0632177
MLS Listing,,Multi-Family (2-4 Unit),30 Sheridan St,Boston,MA,02130,1250000,7,3.0,Jamaica Plain,3336,3448,1905,3,375,,Active,March-8-2020 12:00 PM,March-8-2020 02:00 PM,http://www.redfin.com/MA/Jamaica-Plain/30-Sheridan-St-02130/home/9140716,MLS PIN,72628253,N,Y,42.3215024,-71.1082031
MLS Listing,,Condo/Co-op,682 E Eighth St #1,Boston,MA,02127,899000,3,2.5,South Boston,1733,,1900,3,519,247,Active,March-8-2020 10:00 AM,March-8-2020 12:00 PM,http://www.redfin.com/MA/Boston/682-E-8th-St-02127/unit-1/home/9309750,MLS PIN,72628232,N,Y,42.3316799,-71.0339615
MLS Listing,,Townhouse,53 Sedgwick Unit B,Boston,MA,02130,924000,3,2.5,Jamaica Plain,2054,,1890,3,450,,Active,March-8-2020 11:00 AM,March-8-2020 12:30 PM,http://www.redfin.com/MA/Boston/53-Sedgwick-St-02130/unit-B/home/105480409,MLS PIN,72628220,N,Y,42.3083009,-71.1134296
MLS Listing,,Condo/Co-op,380 Bunker Hl Ph 6,Boston,MA,02129,1769000,3,3.0,Charlestown,1871,,1907,3,945,910,Active,March-8-2020 11:30 AM,March-8-2020 01:00 PM,http://www.redfin.com/MA/Boston/380-Bunker-Hill-St-02129/unit-6/home/170953418,MLS PIN,72628219,N,Y,42.381908,-71.0693692
MLS Listing,,Condo/Co-op,45 Lewis St #112,Boston,MA,02128,1074000,2,2.0,East Boston,1075,,2020,3,999,843,Active,March-8-2020 11:00 AM,March-8-2020 12:30 PM,http://www.redfin.com/MA/Boston/45-Lewis-St-02128/unit-112/home/170953246,MLS PIN,72628178,N,Y,42.367359,-71.0418243
MLS Listing,,Condo/Co-op,1688 Washington St #3,Boston,MA,02118,1095000,2,1.0,South End,1572,,1910,3,697,215,Active,March-8-2020 01:00 PM,March-8-2020 02:00 PM,http://www.redfin.com/MA/Boston/1688-Washington-St-02118/unit-3/home/9285442,MLS PIN,72628177,N,Y,42.3370129,-71.0756379
MLS Listing,,Single Family Residential,12 Pleasant Valley Cir,Boston,MA,02132,1399000,4,2.5,West Roxbury,2690,9272,2017,3,520,,Active,March-8-2020 12:00 PM,March-8-2020 01:00 PM,http://www.redfin.com/MA/Boston/12-Pleasant-Valley-Cir-02132/home/167701522,MLS PIN,72628167,N,Y,42.2907178,-71.1466765
MLS Listing,,Condo/Co-op,17 Worcester St,Boston,MA,02118,1919000,2,2.0,South End,1540,,1900,3,1246,662,Active,March-8-2020 12:00 PM,March-8-2020 02:00 PM,http://www.redfin.com/MA/Boston/17-Worcester-St-02118/unit-1/home/9300890,MLS PIN,72628146,N,Y,42.3379072,-71.0759544
MLS Listing,,Condo/Co-op,21 Father Francis Gilday #112,Boston,MA,02118,1255000,2,2.0,Boston,1247,1247,2006,3,1006,913,Active,March-8-2020 12:00 PM,March-8-2020 01:30 PM,http://www.redfin.com/MA/Boston/21-Father-Francis-Gilday-St-02118/unit-112/home/21719329,MLS PIN,72628131,N,Y,42.3371558,-71.0732041
MLS Listing,,Condo/Co-op,81 Cass St #1,Boston,MA,02132,474900,2,1.0,West Roxbury,1068,,1912,3,445,160,Active,March-8-2020 11:00 AM,March-8-2020 12:30 PM,http://www.redfin.com/MA/Boston/81-Cass-St-02132/unit-1/home/113912898,MLS PIN,72628108,N,Y,42.2746907,-71.1618848
MLS Listing,,Condo/Co-op,25 Clark St #2,Boston,MA,02109,835000,3,2.0,North End,1102,,1910,3,758,400,Active,March-8-2020 12:00 PM,March-8-2020 01:30 PM,http://www.redfin.com/MA/Boston/25-Clark-St-02109/unit-2/home/18982620,MLS PIN,72628099,N,Y,42.3649544,-71.0525365
MLS Listing,,Condo/Co-op,360 Market St Unit 12A,Boston,MA,02135,299000,1,1.0,Brighton,410,,1967,3,729,218,Active,March-8-2020 01:30 PM,March-8-2020 03:30 PM,http://www.redfin.com/MA/Brighton/360-Market-St-02135/unit-12A/home/9025863,MLS PIN,72628077,N,Y,42.3507035,-71.152232
MLS Listing,,Condo/Co-op,257 Marlborough St #2,Boston,MA,02116,559000,0,1.0,Back Bay,449,449,1920,3,1245,249,Active,March-8-2020 11:00 AM,March-8-2020 12:30 PM,http://www.redfin.com/MA/Boston/257-Marlborough-St-02116/unit-2/home/9247315,MLS PIN,72628072,N,Y,42.352030363,-71.0825171
MLS Listing,,Condo/Co-op,141 Arlington St #4,Boston,MA,02116,399000,1,1.0,Bay Village,357,,1899,3,1118,295,Active,March-8-2020 12:00 PM,March-8-2020 01:30 PM,http://www.redfin.com/MA/Boston/141-Arlington-St-02116/unit-4/home/9319991,MLS PIN,72628068,N,Y,42.3485793,-71.0696122
MLS Listing,,Condo/Co-op,81 Penfield St #81,Boston,MA,02131,479000,2,1.0,Roslindale,1072,,1910,3,447,184,Active,March-8-2020 11:00 AM,March-8-2020 01:00 PM,http://www.redfin.com/MA/Boston/81-Penfield-St-02131/unit-000081/home/9317898,MLS PIN,72628043,N,Y,42.2861385,-71.1350652
MLS Listing,,Condo/Co-op,30 Dwight St #1,Boston,MA,02118,1450000,2,1.5,South End,1358,,1890,3,1068,283,Active,March-8-2020 12:00 PM,March-8-2020 01:30 PM,http://www.redfin.com/MA/Boston/30-Dwight-St-02118/unit-1/home/12418935,MLS PIN,72628037,N,Y,42.3441903,-71.0689812
MLS Listing,,Condo/Co-op,535 Harrison Ave Unit A205,Boston,MA,02118,1150000,2,2.0,South End,1123,,2002,3,1024,593,Active,March-8-2020 12:00 PM,March-8-2020 02:00 PM,http://www.redfin.com/MA/Boston/535-Harrison-Ave-02118/unit-A205/home/9321239,MLS PIN,72628011,N,Y,42.3415071,-71.067762
MLS Listing,,Multi-Family (2-4 Unit),17 Wachusett St,Boston,MA,02130,1450000,9,3.0,Jamaica Plain,4149,3698,1900,3,349,,Active,March-8-2020 11:30 AM,March-8-2020 01:30 PM,http://www.redfin.com/MA/Boston/17-Wachusett-St-02130/home/9151654,MLS PIN,72627991,N,Y,42.2971643,-71.1125667
MLS Listing,,Condo/Co-op,51 Silver St #4,Boston,MA,02127,1699000,3,2.0,South Boston,1605,,2019,3,1059,613,Active,March-8-2020 12:00 PM,March-8-2020 01:30 PM,http://www.redfin.com/MA/Boston/51-Silver-St-02127/unit-4/home/162456571,MLS PIN,72627976,N,Y,42.3410063,-71.0554702
MLS Listing,,Condo/Co-op,42 8th St #2327,Boston,MA,02129,505000,1,1.0,Charlestown's Navy Yard,685,,1899,3,737,537,Active,March-8-2020 01:00 PM,March-8-2020 02:30 PM,http://www.redfin.com/MA/Boston/42-8th-St-02129/unit-2327/home/9323239,MLS PIN,72627966,N,Y,42.3749988,-71.0520878
MLS Listing,,Condo/Co-op,250 Poplar St #2,Boston,MA,02131,450000,2,1.0,Roslindale,975,,1900,3,462,200,Active,March-8-2020 12:00 PM,March-8-2020 01:30 PM,http://www.redfin.com/MA/Boston/250-Poplar-St-02131/unit-2/home/9325100,MLS PIN,72627907,N,Y,42.2811618,-71.1253721
MLS Listing,,Single Family Residential,38 Baker St,Boston,MA,02132,625000,3,1.0,West Roxbury,1594,6697,1920,3,392,,Active,March-8-2020 12:00 PM,March-8-2020 02:00 PM,http://www.redfin.com/MA/West-Roxbury/38-Baker-St-02132/home/11836533,MLS PIN,72627896,N,Y,42.2716189,-71.1634879
MLS Listing,,Townhouse,45 Chelsea St #45,Boston,MA,02129,1489000,3,2.5,Charlestown,1849,,2000,3,805,1018,Active,March-8-2020 11:00 AM,March-8-2020 02:00 PM,http://www.redfin.com/MA/Boston/45-Chelsea-St-02129/unit-45/home/113239014,MLS PIN,72627869,N,Y,42.3725051,-71.0596903
MLS Listing,,Condo/Co-op,20 Chestnut St #1,Boston,MA,02108,7995000,4,3.5,Beacon Hill,3640,,1880,3,2196,1150,Active,March-8-2020 12:00 PM,March-8-2020 01:30 PM,http://www.redfin.com/MA/Boston/20-Chestnut-St-02108/unit-1/home/146727795,MLS PIN,72627861,N,Y,42.3575059,-71.0670744
MLS Listing,,Multi-Family (2-4 Unit),6 Chilcott Pl,Boston,MA,02130,1475000,9,3.0,Jamaica Plain,3029,3029,1900,3,487,,Active,March-8-2020 12:00 PM,March-8-2020 01:30 PM,http://www.redfin.com/MA/Boston/6-Chilcott-Pl-02130/home/9145488,MLS PIN,72627848,N,Y,42.3135716,-71.1000327
MLS Listing,,Condo/Co-op,38 Colonial Ave #1,Boston,MA,02124,599900,3,2.0,Dorchester's Codman Square,1185,,2020,3,506,9999999,Active,March-8-2020 11:30 AM,March-8-2020 01:30 PM,http://www.redfin.com/MA/Boston/38-Colonial-Ave-02124/unit-1/home/167130226,MLS PIN,72627843,N,Y,42.290335,-71.076491
MLS Listing,,Townhouse,228 Webster Unit TH,Boston,MA,02128,999000,2,2.5,East Boston's Jeffries Point,1610,,2019,3,620,252,Active,March-8-2020 11:00 AM,March-8-2020 12:30 PM,http://www.redfin.com/MA/Boston/228-Webster-St-02128/unit-TH/home/170951800,MLS PIN,72627836,N,Y,42.3649902,-71.0325394
MLS Listing,,Condo/Co-op,286-288 Cambridge St #5,Boston,MA,02114,529000,1,1.0,Beacon Hill,435,435,1899,3,1216,296,Active,March-8-2020 12:00 PM,March-8-2020 01:30 PM,http://www.redfin.com/MA/Boston/286-Cambridge-St-02114/unit-5/home/9236969,MLS PIN,72627812,N,Y,42.3609191,-71.0681826
MLS Listing,,Condo/Co-op,340 W 2nd St #13,Boston,MA,02127,875000,2,2.0,South Boston,1075,,2019,3,814,194,Active,,,http://www.redfin.com/MA/Boston/340-W-2nd-St-02127/unit-13/home/167181802,MLS PIN,72627800,N,Y,42.338786,-71.0467604
MLS Listing,,Condo/Co-op,54 Green St #2,Boston,MA,02130,695000,2,2.0,Jamaica Plain,1123,,1920,3,619,150,Active,March-8-2020 12:00 PM,March-8-2020 01:30 PM,http://www.redfin.com/MA/Boston/54-Green-St-02130/unit-2/home/18998199,MLS PIN,72627767,N,Y,42.3122772,-71.1108761
MLS Listing,,Single Family Residential,34 Brush Hill Ln,Milton,MA,02186,1595000,5,5.0,Milton,6351,40000,1986,3,251,,Active,March-8-2020 12:00 PM,March-8-2020 01:30 PM,http://www.redfin.com/MA/Milton/34-Brush-Hill-Ln-02186/home/8897301,MLS PIN,72627660,N,Y,42.2474472,-71.1086209
MLS Listing,,Condo/Co-op,610 Bennington St #2,Boston,MA,02128,490000,2,1.0,Boston,893,9999,2015,3,549,200,Active,March-8-2020 12:00 PM,March-8-2020 02:00 PM,http://www.redfin.com/MA/Boston/610-Bennington-St-02128/unit-2/home/59240582,MLS PIN,72627646,N,Y,42.3833947,-71.0169958
MLS Listing,,Condo/Co-op,110 Evans Rd #1,Boston,MA,02135,424900,1,1.0,Brighton,590,590,1950,3,720,291,Active,March-8-2020 11:30 AM,March-8-2020 01:00 PM,http://www.redfin.com/MA/Boston/110-Evans-Rd-02135/unit-1/home/9223606,MLS PIN,72627615,N,Y,42.3402002,-71.1421275
MLS Listing,,Condo/Co-op,74 Tower St #1,Boston,MA,02130,1375000,4,2.5,Jamaica Plain,2150,3500,2020,3,640,,Active,March-8-2020 12:00 PM,March-8-2020 01:30 PM,http://www.redfin.com/MA/Boston/74-Tower-St-02130/unit-1/home/170950948,MLS PIN,72624227,N,Y,42.2984546,-71.1106136
MLS Listing,,Single Family Residential,74 Tower St,Boston,MA,02130,1375000,4,2.5,Jamaica Plain,2150,3500,2020,3,640,,Active,March-8-2020 12:00 PM,March-8-2020 01:30 PM,http://www.redfin.com/MA/Boston/74-Tower-St-02130/home/170950947,MLS PIN,72623765,N,Y,42.2984546,-71.1106136
MLS Listing,,Condo/Co-op,28 Iffley Rd #2,Boston,MA,02130,679000,2,2.0,Jamaica Plain,1014,,2017,3,670,234,Active,March-8-2020 11:30 AM,March-8-2020 01:00 PM,http://www.redfin.com/MA/Boston/28-Iffley-Rd-02130/unit-2/home/143983535,MLS PIN,72627593,N,Y,42.3126208,-71.0996989
MLS Listing,,Condo/Co-op,9 Barlow St #1,Boston,MA,02130,499000,2,1.0,Jamaica Plain,1052,,1905,3,474,180,Active,March-8-2020 12:00 PM,March-8-2020 01:30 PM,http://www.redfin.com/MA/Boston/9-Barlow-St-02130/unit-1/home/9320438,MLS PIN,72627586,N,Y,42.2964975,-71.1122857
MLS Listing,,Condo/Co-op,141 Dorchester Ave #510,Boston,MA,02127,995000,2,2.0,Boston,1346,1346,2006,3,739,813,Active,March-8-2020 12:00 PM,March-8-2020 02:00 PM,http://www.redfin.com/MA/Boston/141-Dorchester-Ave-02127/unit-510/home/18982441,MLS PIN,72627577,N,Y,42.3423405,-71.0578677
MLS Listing,,Condo/Co-op,28 Tremlett St #1,Boston,MA,02124,699000,3,2.0,Dorchester,1920,8277,1910,3,364,273,Active,March-8-2020 12:00 PM,March-8-2020 01:30 PM,http://www.redfin.com/MA/Dorchester-Center/28-Tremlett-St-02124/unit-1/home/11924516,MLS PIN,72627569,N,Y,42.2952844,-71.0690674
MLS Listing,,Condo/Co-op,65 Park Dr #19,Boston,MA,02215,735000,2,1.0,The Fenway,805,9999,1920,3,913,396,Active,March-8-2020 12:00 PM,March-8-2020 02:00 PM,http://www.redfin.com/MA/Boston/65-Park-Dr-02215/unit-19/home/9274030,MLS PIN,72627561,N,Y,42.3426895,-71.0954037
MLS Listing,,Condo/Co-op,47 Seaverns Ave #5,Boston,MA,02130,799000,3,2.0,Jamaica Plain,2388,,1910,3,335,232,Active,March-8-2020 12:00 PM,March-8-2020 01:00 PM,http://www.redfin.com/MA/Boston/47-Seaverns-Ave-02130/unit-5/home/9145614,MLS PIN,72627534,N,Y,42.3117375,-71.1115364
MLS Listing,,Condo/Co-op,23 Strathmore Rd #3,Brookline,MA,02445,1150000,3,2.0,Brookline,1600,,1900,3,719,438,Active,March-8-2020 01:00 PM,March-8-2020 02:30 PM,http://www.redfin.com/MA/Brookline/23-Strathmore-Rd-02445/unit-3/home/11501442,MLS PIN,72627521,N,Y,42.3361642,-71.1467027
MLS Listing,,Condo/Co-op,9-11 Gartland St #2,Boston,MA,02130,479000,2,1.0,Jamaica Plain,1004,,1905,4,477,200,Active,March-8-2020 12:00 PM,March-8-2020 02:00 PM,http://www.redfin.com/MA/Boston/9-Gartland-St-02130/unit-2/home/9299315,MLS PIN,72627498,N,Y,42.3063528,-71.1066298
MLS Listing,,Single Family Residential,1 Rockwood Ter,Boston,MA,02130,2195000,4,2.5,Moss Hill,2800,9087,2020,4,784,,Active,March-8-2020 01:00 PM,March-8-2020 03:00 PM,http://www.redfin.com/MA/Boston/1-Rockwood-Ter-02130/home/170950539,MLS PIN,72627496,N,Y,42.3126947,-71.1278587
MLS Listing,,Condo/Co-op,244 Hyde Park Ave #1,Boston,MA,02130,475000,3,1.0,Jamaica Plain,934,,1945,4,509,200,Active,March-8-2020 11:30 AM,March-8-2020 12:30 PM,http://www.redfin.com/MA/Boston/244-Hyde-Park-Ave-02130/unit-1/home/9152028,MLS PIN,72627450,N,Y,42.2932579,-71.1172828
MLS Listing,,Condo/Co-op,27 Bowdoin St Unit 1B,Boston,MA,02114,645000,1,1.0,Beacon Hill,619,,1890,4,1042,556,Active,March-8-2020 11:30 AM,March-8-2020 12:30 PM,http://www.redfin.com/MA/Boston/27-Bowdoin-St-02114/unit-1B/home/9276065,MLS PIN,72627433,N,Y,42.3604697,-71.0630349
MLS Listing,,Townhouse,95 Boardman St #2,Boston,MA,02128,749000,3,2.5,East Boston,1593,,2018,4,470,300,Active,March-8-2020 11:00 AM,March-8-2020 12:45 PM,http://www.redfin.com/MA/Boston/95-Boardman-St-02128/unit-2/home/146235067,MLS PIN,72627370,N,Y,42.3894122,-71.0109524
MLS Listing,,Condo/Co-op,380 Harrison Ave Ph 2M,Boston,MA,02118,1389000,1,1.5,South End,928,,2020,4,1497,1064,Active,,,http://www.redfin.com/MA/Boston/380-Harrison-Ave-02118/unit-2M/home/170949764,MLS PIN,72627341,N,Y,42.343914,-71.0635659
MLS Listing,,Condo/Co-op,691 Massachusetts Ave #208,Boston,MA,02118,799000,1,1.0,Boston,909,909,2010,4,879,507,Active,March-8-2020 12:00 PM,March-8-2020 01:30 PM,http://www.redfin.com/MA/Boston/691-Massachusetts-Ave-02118/unit-208/home/40447973,MLS PIN,72627320,N,Y,42.3351902,-71.0758155
MLS Listing,,Condo/Co-op,120 Paul Gore St #1,Boston,MA,02130,619000,3,1.0,Jamaica Plain,1245,1245,1905,4,497,219,Active,March-8-2020 01:00 PM,March-8-2020 02:00 PM,http://www.redfin.com/MA/Boston/120-Paul-Gore-St-02130/unit-1/home/9138687,MLS PIN,72627277,N,Y,42.3184684,-71.1055605
MLS Listing,,Single Family Residential,226 Maple St,Boston,MA,02132,849000,4,1.5,West Roxbury,1954,4048,1920,4,434,,Active,March-8-2020 12:00 PM,March-8-2020 02:00 PM,http://www.redfin.com/MA/West-Roxbury/226-Maple-St-02132/home/9206962,MLS PIN,72627245,N,Y,42.2934527,-71.159589
MLS Listing,,Condo/Co-op,55 I St #3,Boston,MA,02127,1049000,3,2.5,South Boston,1753,1753,1999,4,598,300,Active,March-8-2020 12:00 PM,March-8-2020 02:00 PM,http://www.redfin.com/MA/Boston/55-I-St-02127/unit-3/home/9302705,MLS PIN,72627202,N,Y,42.3362422,-71.0401458
MLS Listing,,Condo/Co-op,32 Traveler St #503,Boston,MA,02118,1095000,1,1.5,South End,878,,2015,4,1247,792,Active,March-8-2020 12:00 PM,March-8-2020 01:15 PM,http://www.redfin.com/MA/Boston/32-Traveler-St-02118/unit-503/home/114036914,MLS PIN,72627196,N,Y,42.3446088,-71.0638983
MLS Listing,,Condo/Co-op,15 Sleeper #502,Boston,MA,02210,1550000,1,1.0,Seaport District,1450,,1911,4,1069,686,Active,,,http://www.redfin.com/MA/Boston/15-Sleeper-St-02210/unit-502/home/9252747,MLS PIN,72627091,N,Y,42.3519914,-71.0488968
MLS Listing,,Condo/Co-op,217 South St #2,Boston,MA,02130,499000,2,1.0,Jamaica Plain,821,,1918,4,608,200,Active,March-8-2020 12:00 PM,March-8-2020 02:00 PM,http://www.redfin.com/MA/Boston/217-South-St-02130/unit-2/home/12548822,MLS PIN,72627063,N,Y,42.3027082,-71.1148542
MLS Listing,,Condo/Co-op,111 Perkins St #230,Boston,MA,02130,379000,1,1.0,Jamaica Plain,845,,1963,4,449,1133,Active,March-8-2020 01:00 PM,March-8-2020 02:00 PM,http://www.redfin.com/MA/Jamaica-Plain/111-Perkins-St-02130/unit-230/home/25725895,MLS PIN,72627055,N,Y,42.3222155,-71.1159742
MLS Listing,,Condo/Co-op,6 Goodwin Pl Unit B,Boston,MA,02114,399999,1,1.0,Beacon Hill,235,235,1899,4,1702,211,Active,March-8-2020 12:00 PM,March-8-2020 02:00 PM,http://www.redfin.com/MA/Boston/6-Goodwin-Pl-02114/unit-B/home/9236734,MLS PIN,72627015,N,Y,42.3597567,-71.0691768
MLS Listing,,Condo/Co-op,141 Dorchester Ave #317,Boston,MA,02127,1299000,2,2.0,South Boston,1544,1544,2006,4,841,1060,Active,March-8-2020 11:30 AM,March-8-2020 01:00 PM,http://www.redfin.com/MA/Boston/141-Dorchester-Ave-02127/unit-317/home/18982731,MLS PIN,72627004,N,Y,42.3423405,-71.0578677
MLS Listing,,Condo/Co-op,55 E Springfield St #5,Boston,MA,02118,679000,1,1.0,South End,765,,2019,4,888,250,Active,,,http://www.redfin.com/MA/Boston/55-E-Springfield-St-02118/unit-5/home/160716600,MLS PIN,72626972,N,Y,42.3355293,-71.0748591
MLS Listing,,Condo/Co-op,50 Liberty Dr Unit 6F,Boston,MA,02210,3300000,2,2.5,Seaport District,1546,,2018,4,2135,1952,Active,,,http://www.redfin.com/MA/Boston/50-Liberty-Dr-02210/unit-6F/home/167072341,MLS PIN,72626962,N,Y,42.3542329,-71.0444207
MLS Listing,,Condo/Co-op,261 Webster St #1,Boston,MA,02128,525000,2,1.0,East Boston's Jeffries Point,802,802,1924,4,655,145,Active,March-8-2020 12:00 PM,March-8-2020 01:30 PM,http://www.redfin.com/MA/Boston/261-Webster-St-02128/unit-1/home/18977458,MLS PIN,72626961,N,Y,42.3645134,-71.0313896
MLS Listing,,Condo/Co-op,17 Clark St #1,Boston,MA,02109,650000,1,1.5,North End,857,,1900,4,758,210,Active,March-8-2020 11:30 AM,March-8-2020 01:00 PM,http://www.redfin.com/MA/Boston/17-Clark-St-02109/unit-1/home/9329418,MLS PIN,72626946,N,Y,42.3650635,-71.0526899
MLS Listing,,Townhouse,58 Rutland #1,Boston,MA,02118,2675000,3,3.5,Boston,2239,,2016,4,1195,375,Active,March-8-2020 12:00 PM,March-8-2020 01:00 PM,http://www.redfin.com/MA/Boston/58-Rutland-St-02118/unit-1/home/104036366,MLS PIN,72626929,N,Y,42.3399752,-71.0765269
MLS Listing,,Condo/Co-op,8 Pacific St #2,Boston,MA,02127,810000,2,1.5,South Boston,1077,,1890,4,752,225,Active,,,http://www.redfin.com/MA/Boston/8-Pacific-St-02127/unit-2/home/9324275,MLS PIN,72626915,N,Y,42.3341044,-71.0453864
MLS Listing,,Condo/Co-op,201 Marion #1,Boston,MA,02128,449999,2,1.0,Boston,690,,1910,5,652,270,Active,March-8-2020 12:30 PM,March-8-2020 02:30 PM,http://www.redfin.com/MA/Boston/201-Marion-St-02128/unit-1/home/143083153,MLS PIN,72626911,N,Y,42.3752144,-71.0347882
MLS Listing,,Condo/Co-op,40 Traveler Unit 212.,Boston,MA,02118,725000,1,1.0,South End,574,,2018,5,1263,456,Active,March-8-2020 01:00 PM,March-8-2020 03:00 PM,http://www.redfin.com/MA/Boston/40-Traveler-St-02118/unit-212/home/113228167,MLS PIN,72626907,N,Y,42.3443125,-71.0629483
MLS Listing,,Condo/Co-op,20 Chapel St Unit C1001,Brookline,MA,02446,2295000,3,3.5,Brookline,2486,,1920,5,923,2269,Active,,,http://www.redfin.com/MA/Brookline/20-Chapel-St-02446/unit-C1001/home/12457993,MLS PIN,72626866,N,Y,42.3410329,-71.1110021
MLS Listing,,Condo/Co-op,777 E 6th St #1,Boston,MA,02127,584900,2,1.5,South Boston,916,,1896,5,639,250,Active,March-8-2020 11:00 AM,March-8-2020 01:00 PM,http://www.redfin.com/MA/Boston/777-E-6th-St-02127/unit-1/home/167702507,MLS PIN,72626848,N,Y,42.3331144,-71.029336
MLS Listing,,Single Family Residential,12 Emmet St,Boston,MA,02127,840000,4,2.5,South Boston,1540,1040,1890,5,545,,Active,,,http://www.redfin.com/MA/Boston/12-Emmet-St-02127/home/11734875,MLS PIN,72626792,N,Y,42.3369772,-71.0387846
MLS Listing,,Condo/Co-op,43 Stellman Rd #2,Boston,MA,02131,399000,2,1.0,Roslindale,870,870,1920,5,459,250,Active,March-8-2020 11:00 AM,March-8-2020 12:30 PM,http://www.redfin.com/MA/Boston/43-Stellman-Rd-02131/unit-2/home/12441441,MLS PIN,72626783,N,Y,42.2888005,-71.1220801
MLS Listing,,Townhouse,341 Beacon Ph 6D,Boston,MA,02116,4200000,3,2.5,Back Bay,2160,,1900,5,1944,1469,Active,March-8-2020 12:30 PM,March-8-2020 02:00 PM,http://www.redfin.com/MA/Boston/341-Beacon-St-02116/unit-6D/home/9238414,MLS PIN,72626742,N,Y,42.352331,-71.0829526
MLS Listing,,Condo/Co-op,32 Rutland St Unit 1L,Boston,MA,02118,3950000,3,3.0,South End,3443,3443,1899,5,1147,1155,Active,,,http://www.redfin.com/MA/Boston/32-Rutland-St-02118/unit-1L/home/40397558,MLS PIN,72626683,N,Y,42.339472,-71.0758224
MLS Listing,,Condo/Co-op,110 Stuart St Unit 27G,Boston,MA,02116,2880000,2,2.5,Back Bay,1872,1872,2009,5,1538,2285,Active,,,http://www.redfin.com/MA/Boston/110-Stuart-St-02116/unit-27G/home/39913389,MLS PIN,72626671,N,Y,42.350966,-71.0655877
MLS Listing,,Condo/Co-op,390 Commonwealth Ave Unit 408/409,Boston,MA,02215,2490000,4,3.0,Back Bay,2200,,1908,5,1132,2067,Active,,,http://www.redfin.com/MA/Boston/390-Commonwealth-Ave-02215/unit-408/home/9239818,MLS PIN,72626639,N,Y,42.3485811,-71.0902534
MLS Listing,,Condo/Co-op,90 Commonwealth Ave Unit 2/3,Boston,MA,02116,4799000,5,4.5,Back Bay,3062,,1925,5,1567,2212,Active,,,http://www.redfin.com/MA/Boston/90-Commonwealth-Ave-02116/unit-23/home/9264146,MLS PIN,72626618,N,Y,42.3520742,-71.0756695
MLS Listing,,Condo/Co-op,133 Seaport Blvd #2208,Boston,MA,02210,4629350,3,3.5,Seaport District,1878,,2019,5,2465,2725,Active,,,http://www.redfin.com/MA/Boston/133-Seaport-Blvd-02210/unit-2208/home/148367500,MLS PIN,72626611,N,Y,42.3508925,-71.0435336
MLS Listing,,Condo/Co-op,133 Seaport Blvd #1708,Boston,MA,02210,2825000,2,2.5,Seaport District,1571,,2019,5,1798,1738,Active,,,http://www.redfin.com/MA/Boston/133-Seaport-Blvd-02210/unit-1708/home/168868232,MLS PIN,72626608,N,Y,42.3504935,-71.0434498
MLS Listing,,Condo/Co-op,133 Seaport Blvd #1012,Boston,MA,02210,1135800,1,1.0,Seaport District,691,,2019,5,1644,683,Active,,,http://www.redfin.com/MA/Boston/133-Seaport-Blvd-02210/unit-1012/home/167906384,MLS PIN,72626605,N,Y,42.3504935,-71.0434498
MLS Listing,,Condo/Co-op,133 Seaport Blvd #1219,Boston,MA,02210,1116000,1,1.0,Seaport District,651,,2019,5,1714,683,Active,,,http://www.redfin.com/MA/Boston/133-Seaport-Blvd-02210/unit-1219/home/169728939,MLS PIN,72626603,N,Y,42.3504935,-71.0434498
MLS Listing,,Condo/Co-op,135 Seaport Blvd #1118,Boston,MA,02210,829700,0,1.0,Seaport District,520,,2020,5,1596,541,Active,,,http://www.redfin.com/MA/Boston/135-Seaport-Blvd-02210/unit-1118/home/170936499,MLS PIN,72626598,N,Y,42.3509604,-71.0439013
MLS Listing,,Condo/Co-op,133 Seaport Blvd #1117,Boston,MA,02210,1625000,2,2.0,Seaport District,1068,,2019,5,1522,1159,Active,,,http://www.redfin.com/MA/Boston/133-Seaport-Blvd-02210/unit-1117/home/170936435,MLS PIN,72626588,N,Y,42.3504935,-71.0434498
MLS Listing,,Condo/Co-op,135 Seaport Blvd #707,Boston,MA,02210,1291000,1,1.0,Seaport District,845,,2020,5,1528,898,Active,,,http://www.redfin.com/MA/Boston/135-Seaport-Blvd-02210/unit-707/home/170936434,MLS PIN,72626583,N,Y,42.3509604,-71.0439013
MLS Listing,,Townhouse,212 Commonwealth Ave,Boston,MA,02116,8900000,3,3.5,Back Bay,4131,,1899,5,2154,,Active,,,http://www.redfin.com/MA/Boston/212-Commonwealth-Ave-02116/home/9265883,MLS PIN,72626575,N,Y,42.3506744,-71.0810917
MLS Listing,,Single Family Residential,50 Medford St,Chelsea,MA,02150,629000,3,1.5,Chelsea,1712,1100,1857,5,367,,Active,March-8-2020 01:00 PM,March-8-2020 03:00 PM,http://www.redfin.com/MA/Chelsea/50-Medford-St-02150/home/9001205,MLS PIN,72626559,N,Y,42.3870345,-71.0422216
MLS Listing,,Townhouse,184 Marlborough #7,Boston,MA,02116,3095000,3,2.5,Back Bay,1912,,1900,5,1619,1067,Active,March-8-2020 01:00 PM,March-8-2020 03:00 PM,http://www.redfin.com/MA/Boston/184-Marlborough-St-02116/unit-7/home/9238040,MLS PIN,72626539,N,Y,42.3522524,-71.0799964
MLS Listing,,Multi-Family (2-4 Unit),1209 Bennington St,Boston,MA,02128,849900,5,3.0,East Boston,2482,5082,1910,5,342,,Active,,,http://www.redfin.com/MA/Boston/1209-Bennington-St-02128/home/9110135,MLS PIN,72626492,N,Y,42.3891081,-70.9977502
MLS Listing,,Condo/Co-op,615 Massachusetts Ave #2,Boston,MA,02118,1550000,3,2.0,South End,1457,1457,1890,5,1064,407,Active,March-8-2020 01:30 PM,March-8-2020 03:00 PM,http://www.redfin.com/MA/Boston/615-Massachusetts-Ave-02118/unit-2/home/9287424,MLS PIN,72626472,N,Y,42.3369166,-71.0779093
MLS Listing,,Condo/Co-op,96 Linden St #1,Boston,MA,02134,389500,1,1.0,Allston,675,,1920,5,577,290,Active,,,http://www.redfin.com/MA/Boston/96-Linden-St-02134/unit-1/home/8994869,MLS PIN,72626462,N,Y,42.3513473,-71.1298556
MLS Listing,,Multi-Family (2-4 Unit),51 Jeffries St,Boston,MA,02128,1089999,6,4.0,East Boston,1775,1161,1900,5,614,,Active,,,http://www.redfin.com/MA/Boston/51-Jeffries-St-02128/home/9111618,MLS PIN,72626456,N,Y,42.3642329,-71.0301587
MLS Listing,,Condo/Co-op,14 Murray Ct #2,Boston,MA,02128,729000,2,2.0,East Boston's Jeffries Point,980,2288,2020,5,744,205,Active,,,http://www.redfin.com/MA/Boston/14-Murray-Ct-02128/unit-2/home/170934987,MLS PIN,72626433,N,Y,42.3676137,-71.0376776
MLS Listing,,Condo/Co-op,160 Commonwealth #518,Boston,MA,02116,1750000,2,2.0,Back Bay,1464,,1881,5,1195,1357,Active,,,http://www.redfin.com/MA/Boston/160-Commonwealth-Ave-02116/unit-518/home/9265313,MLS PIN,72626397,N,Y,42.3512759,-71.0786479
MLS Listing,,Condo/Co-op,1 Franklin St #1809,Boston,MA,02110,1195000,1,1.0,Midtown,780,,2016,5,1532,643,Active,March-8-2020 12:00 PM,March-8-2020 01:30 PM,http://www.redfin.com/MA/Boston/1-Franklin-St-02110/unit-1809/home/144441765,MLS PIN,72626389,N,Y,42.3563166,-71.0595573
MLS Listing,,Condo/Co-op,9 Leamington Rd #3,Boston,MA,02135,595000,3,1.0,Brighton,1165,,1900,5,511,275,Active,,,http://www.redfin.com/MA/Brighton/9-Leamington-Rd-02135/unit-3/home/9007499,MLS PIN,72626378,N,Y,42.3423524,-71.1489828
MLS Listing,,Condo/Co-op,88 Glencoe St #88,Boston,MA,02135,549000,2,1.0,Brighton,995,950,1925,5,552,175,Active,March-8-2020 12:00 PM,March-8-2020 01:30 PM,http://www.redfin.com/MA/Brighton/88-Glencoe-St-02135/unit-88/home/85715763,MLS PIN,72626369,N,Y,42.3526269,-71.1492381
MLS Listing,,Condo/Co-op,2 Avery St Unit 32H,Boston,MA,02111,1949000,2,2.5,Midtown,1573,,2000,5,1239,2512,Active,,,http://www.redfin.com/MA/Boston/2-Avery-St-02111/unit-32H/home/9313148,MLS PIN,72626352,N,Y,42.3528703,-71.0629976
MLS Listing,,Condo/Co-op,782 Dorchester Ave #1,Boston,MA,02125,689900,2,2.0,Dorchester's Savin Hill,1135,,2006,5,608,209,Active,March-8-2020 11:00 AM,March-8-2020 01:00 PM,http://www.redfin.com/MA/Boston/782-Dorchester-Ave-02125/unit-1/home/12431401,MLS PIN,72626338,N,Y,42.323921,-71.0565746
MLS Listing,,Condo/Co-op,75 Burbank St #401,Boston,MA,02115,499900,1,1.0,Boston,425,425,1899,6,1176,279,Active,,,http://www.redfin.com/MA/Boston/75-Burbank-St-02115/unit-401/home/12439612,MLS PIN,72626091,N,Y,42.3446881,-71.0891368
MLS Listing,,Multi-Family (5+ Unit),66-66R Stanley St,Boston,MA,02125,1190000,13,5.0,Dorchester,5100,8125,1905,7,233,,Active,,,http://www.redfin.com/MA/Boston/66-Stanley-St-02125/unit-66R/home/9063750,MLS PIN,72626002,N,Y,42.3092935,-71.0694172
MLS Listing,,Condo/Co-op,109 D St #3,Boston,MA,02127,694000,2,1.0,South Boston,1062,1062,2006,7,653,155,Active,March-8-2020 12:00 PM,March-8-2020 02:00 PM,http://www.redfin.com/MA/Boston/109-D-St-02127/unit-3/home/18983096,MLS PIN,72625927,N,Y,42.3353257,-71.0546622
MLS Listing,,Condo/Co-op,222 Roslindale Ave #2,Boston,MA,02131,619000,3,2.0,Roslindale,1300,4400,2020,8,476,175,Active,,,http://www.redfin.com/MA/Roslindale/222-Roslindale-Ave-02131/unit-2/home/170155310,MLS PIN,72625871,N,Y,42.2805238,-71.1384227
MLS Listing,,Single Family Residential,54 Lake St,Boston,MA,02135,1200000,7,4.0,Brighton,4094,7419,1905,8,293,,Active,March-8-2020 01:00 PM,March-8-2020 02:30 PM,http://www.redfin.com/MA/Brighton/54-Lake-St-02135/home/9045283,MLS PIN,72625837,N,Y,42.3425026,-71.1657158
MLS Listing,,Condo/Co-op,14 Melvin Ave #7,Boston,MA,02135,484999,2,1.0,Boston,814,814,1910,8,596,480,Active,March-8-2020 12:30 PM,March-8-2020 02:00 PM,http://www.redfin.com/MA/Boston/14-Melvin-Ave-02135/unit-7/home/9001905,MLS PIN,72625802,N,Y,42.3445254,-71.1410818
MLS Listing,,Condo/Co-op,50 Hichborn #311,Boston,MA,02135,989000,2,2.0,Brighton,1037,,2020,8,954,452,Active,,,http://www.redfin.com/MA/Boston/50-Hichborn-St-02135/unit-311/home/170711236,MLS PIN,72625780,N,Y,42.3557313,-71.1429341
MLS Listing,,Condo/Co-op,50 Hichborn #208,Boston,MA,02135,1025000,2,2.0,Brighton,1187,,2020,8,864,490,Active,,,http://www.redfin.com/MA/Boston/50-Hichborn-St-02135/unit-208/home/170710704,MLS PIN,72625779,N,Y,42.3557313,-71.1429341
MLS Listing,,Condo/Co-op,50 Hichborn #310,Boston,MA,02135,725000,1,1.0,Brighton,666,,2020,8,1089,329,Active,,,http://www.redfin.com/MA/Boston/50-Hichborn-St-02135/unit-310/home/170710699,MLS PIN,72625777,N,Y,42.3557313,-71.1429341
MLS Listing,,Condo/Co-op,50 Hichborn #212,Boston,MA,02135,570000,1,1.0,Brighton,507,,2020,8,1124,271,Active,,,http://www.redfin.com/MA/Boston/50-Hichborn-St-02135/unit-212/home/170710063,MLS PIN,72625773,N,Y,42.3557313,-71.1429341
MLS Listing,,Condo/Co-op,50 Hichborn #101,Boston,MA,02135,999000,2,2.0,Brighton,979,,2020,8,1020,502,Active,,,http://www.redfin.com/MA/Boston/50-Hichborn-St-02135/unit-101/home/170709563,MLS PIN,72625767,N,Y,42.3557313,-71.1429341
MLS Listing,,Single Family Residential,18 Chestnut St,Boston,MA,02129,1995000,3,2.0,Charlestown,3379,1500,1860,8,590,,Active,,,http://www.redfin.com/MA/Charlestown/18-Chestnut-St-02129/home/9057155,MLS PIN,72625725,N,Y,42.374032,-71.0589928
MLS Listing,,Condo/Co-op,45 1St Ave #110,Boston,MA,02129,799900,2,2.0,Charlestown,1036,,2015,8,772,597,Active,March-8-2020 01:00 PM,March-8-2020 03:00 PM,http://www.redfin.com/MA/Boston/45-1st-Ave-02129/unit-110/home/114036835,MLS PIN,72625568,N,Y,42.3761429,-71.0529662
MLS Listing,,Multi-Family (2-4 Unit),74 Park St,Boston,MA,02132,849000,4,3.0,West Roxbury,2187,5368,1910,8,388,,Active,,,http://www.redfin.com/MA/West-Roxbury/74-Park-St-02132/home/9209038,MLS PIN,72625522,N,Y,42.2857164,-71.1569432
MLS Listing,,Multi-Family (2-4 Unit),76 Revere St,Boston,MA,02114,2100000,3,2.0,Beacon Hill,2456,651,1890,8,855,,Active,,,http://www.redfin.com/MA/Boston/76-Revere-St-02114/home/9256850,MLS PIN,72625502,N,Y,42.3594293,-71.0692279
MLS Listing,,Condo/Co-op,77-79 Willowwood St #1,Boston,MA,02124,310000,2,1.0,Dorchester,895,4000,1905,8,346,200,Active,March-8-2020 01:00 PM,March-8-2020 03:00 PM,http://www.redfin.com/MA/Boston/77-Willowwood-St-02124/unit-1/home/170683890,MLS PIN,72625489,N,Y,42.2836969,-71.0862104
MLS Listing,,Single Family Residential,186 West St,Boston,MA,02136,499000,3,2.0,Boston,864,5078,1955,8,578,,Active,,,http://www.redfin.com/MA/Hyde-Park/186-West-St-02136/home/9127300,MLS PIN,72625441,N,Y,42.2628859,-71.1252396
MLS Listing,,Condo/Co-op,331 Chelsea #1,Boston,MA,02128,599900,2,2.0,Boston,1015,2240,2020,9,591,242,Active,March-8-2020 12:00 PM,March-8-2020 01:00 PM,http://www.redfin.com/MA/Boston/331-Chelsea-St-02128/unit-1/home/167954115,MLS PIN,72625400,N,Y,42.3776852,-71.0293709
MLS Listing,,Condo/Co-op,121 Portland St #302,Boston,MA,02114,874999,1,1.5,Beacon Hill,942,,2017,9,929,589,Active,,,http://www.redfin.com/MA/Boston/121-Portland-St-02114/unit-302/home/113069105,MLS PIN,72625383,N,Y,42.3635856,-71.0604741
MLS Listing,,Condo/Co-op,2 Claremont Park #1,Boston,MA,02118,699000,1,1.0,South End,836,,1860,9,836,174,Active,,,http://www.redfin.com/MA/Boston/2-Claremont-Park-02118/unit-1/home/9283549,MLS PIN,72625346,N,Y,42.3417336,-71.0810598
MLS Listing,,Condo/Co-op,21 Bowdoin Unit 1C,Boston,MA,02114,650000,2,1.0,Beacon Hill,619,,1890,9,1050,548,Active,,,http://www.redfin.com/MA/Boston/21-Bowdoin-St-02114/unit-1C/home/9276039,MLS PIN,72625255,N,Y,42.3606317,-71.0630277
MLS Listing,,Condo/Co-op,159 W Brookline St #2,Boston,MA,02118,629000,1,1.0,South End,544,2506,1890,9,1156,248,Active,March-8-2020 12:00 PM,March-8-2020 02:00 PM,http://www.redfin.com/MA/Boston/159-W-Brookline-St-02118/unit-2/home/9282597,MLS PIN,72625228,N,Y,42.3425565,-71.0755704
MLS Listing,,Condo/Co-op,161-163 N St #1,Boston,MA,02127,599900,2,1.0,South Boston,858,1137,1905,9,699,130,Active,,,http://www.redfin.com/MA/Boston/161-North-St-02127/unit-1/home/11739794,MLS PIN,72625180,N,Y,42.3326668,-71.0314262
MLS Listing,,Townhouse,199 Coolidge Ave #506,Watertown,MA,02472,699900,2,2.5,Watertown,1420,,1986,9,493,1651,Active,March-8-2020 11:30 AM,March-8-2020 01:00 PM,http://www.redfin.com/MA/Watertown/199-Coolidge-Ave-02472/unit-506/home/11702699,MLS PIN,72625153,N,Y,42.3660354,-71.1451535
MLS Listing,,Single Family Residential,66 Montclair Ave,Boston,MA,02132,970000,5,3.0,West Roxbury,3254,6942,1882,9,298,,Active,,,http://www.redfin.com/MA/West-Roxbury/66-Montclair-Ave-02132/home/9169939,MLS PIN,72625124,N,Y,42.2914309,-71.141347
MLS Listing,,Condo/Co-op,1241-1255 Adams St Unit F310,Boston,MA,02124,419900,1,1.0,Boston,802,,1990,9,524,612,Active,March-8-2020 01:00 PM,March-8-2020 03:00 PM,http://www.redfin.com/MA/Boston/1241-Adams-St-02124/unit-F310/home/170676105,MLS PIN,72625085,N,Y,42.2720044,-71.0681653
MLS Listing,,Condo/Co-op,25 Channel Center St #206,Boston,MA,02210,1199000,1,2.0,Seaport District,1398,,2004,9,858,679,Active,March-8-2020 12:30 PM,March-8-2020 01:30 PM,http://www.redfin.com/MA/Boston/25-Channel-Center-St-02210/unit-206/home/9326614,MLS PIN,72625083,N,Y,42.3460654,-71.0507949
MLS Listing,,Condo/Co-op,621 E 1st St Unit C6,Boston,MA,02127,1599000,2,2.0,South Boston,1772,,2017,9,902,394,Active,March-8-2020 11:30 AM,March-8-2020 01:00 PM,http://www.redfin.com/MA/Boston/621-E-1st-St-02127/unit-C6/home/144923211,MLS PIN,72625042,N,Y,42.3379219,-71.0345943
MLS Listing,,Condo/Co-op,356 Seaver St #3,Boston,MA,02121,299000,2,1.0,Boston,1035,1035,1905,9,289,187,Active,,,http://www.redfin.com/MA/Boston/356-Seaver-St-02121/unit-3/home/18995541,MLS PIN,72625035,N,Y,42.3047046,-71.0828086
MLS Listing,,Multi-Family (2-4 Unit),11 Minton St,Boston,MA,02130,1250000,8,6.0,Jamaica Plain,2608,2635,1900,9,479,,Active,,,http://www.redfin.com/MA/Jamaica-Plain/11-Minton-St-02130/home/9145895,MLS PIN,72624988,N,Y,42.313125,-71.1041259
MLS Listing,,Condo/Co-op,45 First Ave #308,Boston,MA,02129,849000,2,2.0,Charlestown,1036,,2015,9,819,632,Active,March-8-2020 11:30 AM,March-8-2020 12:30 PM,http://www.redfin.com/MA/Boston/45-1st-Ave-02129/unit-308/home/114036848,MLS PIN,72624946,N,Y,42.3761429,-71.0529662
MLS Listing,,Condo/Co-op,42 8th St #5518,Boston,MA,02129,515000,1,1.0,Charlestown's Navy Yard,644,,1899,9,800,593,Active,March-8-2020 12:00 PM,March-8-2020 01:00 PM,http://www.redfin.com/MA/Boston/42-8th-St-02129/unit-5518/home/9327493,MLS PIN,72624904,N,Y,42.3749988,-71.0520878
MLS Listing,,Condo/Co-op,881 E Second #15,Boston,MA,02127,1499999,3,2.5,South Boston's City Point,1694,,2015,9,885,469,Active,March-8-2020 11:00 AM,March-8-2020 12:30 PM,http://www.redfin.com/MA/Boston/881-E-2nd-St-02127/unit-15/home/80169570,MLS PIN,72624862,N,Y,42.3373057,-71.0276986
MLS Listing,,Townhouse,742 E 4Th St #2,Boston,MA,02127,719000,2,1.0,Boston,910,910,1875,9,790,178,Active,,,http://www.redfin.com/MA/Boston/742-E-4th-St-02127/unit-2/home/39912500,MLS PIN,72624852,N,Y,42.3350098,-71.034811
MLS Listing,,Condo/Co-op,47-49 Rosseter St #2,Boston,MA,02121,449000,2,1.0,Dorchester,1118,,1905,9,402,119,Active,March-8-2020 12:30 PM,March-8-2020 02:00 PM,http://www.redfin.com/MA/Boston/47-Rosseter-St-02121/unit-000002/home/9074982,MLS PIN,72624808,N,Y,42.3037739,-71.0753085
MLS Listing,,Condo/Co-op,47-49 Rooseter St #1,Boston,MA,02121,649000,5,2.0,Dorchester,2053,,1905,9,316,172,Active,March-8-2020 12:30 PM,March-8-2020 02:00 PM,http://www.redfin.com/MA/Boston/47-Rosseter-St-02121/unit-1/home/170673639,MLS PIN,72624798,N,Y,42.3037739,-71.0753085
MLS Listing,,Single Family Residential,66 CREST St,Boston,MA,02132,949900,4,1.5,West Roxbury,1920,9405,1910,9,495,,Active,March-8-2020 01:00 PM,March-8-2020 03:00 PM,http://www.redfin.com/MA/West-Roxbury/66-Crest-St-02132/home/9207812,MLS PIN,72624776,N,Y,42.2887379,-71.1602852
MLS Listing,,Condo/Co-op,3 Anderson Pl Unit A,Boston,MA,02114,959000,2,1.0,Beacon Hill,969,969,1885,10,990,191,Active,March-10-2020 05:30 PM,March-10-2020 07:00 PM,http://www.redfin.com/MA/Boston/3-Anderson-St-02114/unit-A/home/40038899,MLS PIN,72624758,N,Y,42.3610671,-71.0678625
MLS Listing,,Vacant Land,14 Schuyler St,Boston,MA,02121,350000,,,Dorchester,,7011,,10,,,Active,,,http://www.redfin.com/MA/Boston/14-Schuyler-St-02121/home/9095189,MLS PIN,72624741,N,Y,42.307829,-71.085174
MLS Listing,,Single Family Residential,20 Polk St,Boston,MA,02129,1299000,4,2.5,Charlestown,2300,1263,1899,10,565,,Active,March-8-2020 01:00 PM,March-8-2020 02:00 PM,http://www.redfin.com/MA/Charlestown/20-Polk-St-02129/home/9056604,MLS PIN,72624726,N,Y,42.3792846,-71.0612329
MLS Listing,,Condo/Co-op,278 Clarendon St #1,Boston,MA,02116,698000,1,1.0,Back Bay,767,767,1910,10,910,440,Active,,,http://www.redfin.com/MA/Boston/278-Clarendon-St-02116/unit-1/home/9237491,MLS PIN,72624677,N,Y,42.3539339,-71.0769925
MLS Listing,,Condo/Co-op,32 Shipway Pl #32,Boston,MA,02129,1129000,2,2.5,Charlestown's Navy Yard,1521,,1984,10,742,834,Active,March-8-2020 01:00 PM,March-8-2020 02:00 PM,http://www.redfin.com/MA/Boston/32-Shipway-Pl-02129/unit-32/home/170672139,MLS PIN,72624659,N,Y,42.3788766,-71.0521791
MLS Listing,,Multi-Family (5+ Unit),2747 Washington St,Boston,MA,02119,3750000,24,10.0,Roxbury,9275,5376,2017,10,404,,Active,,,http://www.redfin.com/MA/Boston/2747-Washington-St-02119/home/9293086,MLS PIN,72624645,N,Y,42.3227407,-71.0908409
MLS Listing,,Condo/Co-op,621 E First St Unit P1,Boston,MA,02127,100000,0,,Boston,9999,,2017,10,10,25,Active,,,http://www.redfin.com/MA/Boston/621-E-1st-St-02127/unit-P1/home/170671045,MLS PIN,72624581,N,Y,42.3379219,-71.0345943
MLS Listing,,Condo/Co-op,293-295 Commonwealth Ave Unit 2C,Boston,MA,02115,850000,2,1.0,Back Bay,793,,1899,10,1072,432,Active,,,http://www.redfin.com/MA/Boston/293-Commonwealth-Ave-02115/unit-2C/home/9246198,MLS PIN,72624580,N,Y,42.3503545,-71.0855943
MLS Listing,,Single Family Residential,100 Lexington St,Boston,MA,02128,699000,2,1.5,Boston,928,2500,1910,10,753,,Active,,,http://www.redfin.com/MA/Boston/100-Lexington-St-02128/home/9119509,MLS PIN,72624575,N,Y,42.3783047,-71.0362426
MLS Listing,,Condo/Co-op,39 Lexington St #3,Boston,MA,02128,640000,2,2.0,East Boston's Eagle Hill,968,,2019,10,661,300,Active,March-8-2020 02:00 PM,March-8-2020 04:00 PM,http://www.redfin.com/MA/Boston/39-Lexington-St-02128/unit-3/home/170670938,MLS PIN,72624562,N,Y,42.3773669,-71.0383501
MLS Listing,,Condo/Co-op,3531 Washington St #409,Boston,MA,02130,655000,1,1.5,Jamaica Plain,915,,2020,10,716,487,Active,,,http://www.redfin.com/MA/Boston/3531-Washington-St-02130/unit-409/home/170670311,MLS PIN,72624453,N,Y,42.3051613,-71.1090694
MLS Listing,,Townhouse,17 Cumberland St #1,Boston,MA,02116,2650000,2,2.5,Back Bay,1971,,2018,10,1344,1,Active,,,http://www.redfin.com/MA/Boston/17-Cumberland-St-02115/unit-1/home/144622340,MLS PIN,72624446,N,Y,42.3433623,-71.0819059
MLS Listing,,Condo/Co-op,85 E India Row Unit 19G,Boston,MA,02110,1185000,2,2.0,Waterfront,1211,,1970,10,979,1043,Active,,,http://www.redfin.com/MA/Boston/85-E-India-Row-02110/unit-19G/home/9261573,MLS PIN,72624440,N,Y,42.3581217,-71.0498232
MLS Listing,,Condo/Co-op,103 Dix St #2,Boston,MA,02122,649000,3,2.0,Dorchester,1240,,1905,10,523,191,Active,March-8-2020 12:00 PM,March-8-2020 01:00 PM,http://www.redfin.com/MA/Dorchester/103-Dix-St-02122/unit-2/home/170670236,MLS PIN,72624428,N,Y,42.2961189,-71.0567642
MLS Listing,,Condo/Co-op,361 Beacon St #3,Boston,MA,02116,8395000,4,3.5,Back Bay,3960,,1900,10,2120,1535,Active,,,http://www.redfin.com/MA/Boston/361-Beacon-St-02116/unit-3/home/147496827,MLS PIN,72624397,N,Y,42.3520936,-71.0839701
MLS Listing,,Condo/Co-op,65 Commercial Wharf #1,Boston,MA,02110,2650000,3,2.0,Waterfront,1943,,1832,10,1364,1318,Active,,,http://www.redfin.com/MA/Boston/65-Commercial-Wharf-02110/unit-1/home/40353346,MLS PIN,72624346,N,Y,42.3619901,-71.0498938
MLS Listing,,Condo/Co-op,16 Marmion #2,Boston,MA,02130,899999,3,2.0,Jamaica Plain,1450,,2019,10,621,325,Active,March-8-2020 12:00 PM,March-8-2020 01:30 PM,http://www.redfin.com/MA/Jamaica-Plain/16-Marmion-St-02130/unit-2/home/170669862,MLS PIN,72624341,N,Y,42.3125887,-71.1034216
MLS Listing,,Condo/Co-op,65 Lewis St #415,Boston,MA,02128,925000,2,2.0,East Boston,1075,,2019,10,860,875,Active,March-8-2020 01:00 PM,March-8-2020 02:00 PM,http://www.redfin.com/MA/Boston/65-Lewis-St-02128/unit-415/home/143115575,MLS PIN,72624276,N,Y,42.3665982,-71.0420609
MLS Listing,,Condo/Co-op,84 Berkeley St Unit 3F,Boston,MA,02116,827000,2,1.0,South End,885,,1900,10,934,331,Active,,,http://www.redfin.com/MA/Boston/84-Berkeley-St-02116/unit-3F/home/170668998,MLS PIN,72624216,N,Y,42.3472169,-71.071242
MLS Listing,,Condo/Co-op,65 Lewis St #412,Boston,MA,02128,1060000,2,2.0,East Boston,1066,,2019,10,994,932,Active,March-8-2020 12:30 PM,March-8-2020 01:30 PM,http://www.redfin.com/MA/Boston/65-Lewis-St-02128/unit-412/home/169197153,MLS PIN,72624206,N,Y,42.367142,-71.041588
MLS Listing,,Condo/Co-op,99 Sumner #402,Boston,MA,02128,1379900,2,2.0,East Boston,1251,,2021,10,1103,1224,Active,,,http://www.redfin.com/MA/Boston/99-Sumner-St-02128/unit-402/home/170668766,MLS PIN,72624175,N,Y,42.3699466,-71.0422541
MLS Listing,,Condo/Co-op,99 Sumner #511,Boston,MA,02128,1156869,2,2.0,East Boston,1126,,2021,10,1027,906,Active,March-21-2020 11:00 AM,March-21-2020 01:00 PM,http://www.redfin.com/MA/Boston/99-Sumner-St-02128/unit-511/home/170668765,MLS PIN,72624171,N,Y,42.3699466,-71.0422541
MLS Listing,,Condo/Co-op,99 Sumner #515,Boston,MA,02128,919000,1,1.0,East Boston,776,,2021,10,1184,707,Active,March-8-2020 11:00 AM,March-8-2020 01:00 PM,http://www.redfin.com/MA/Boston/99-Sumner-St-02128/unit-515/home/170668738,MLS PIN,72624170,N,Y,42.3699466,-71.0422541
MLS Listing,,Condo/Co-op,99 Sumner #409,Boston,MA,02128,624900,1,1.0,East Boston,698,,2021,10,895,450,Active,March-8-2020 11:00 AM,March-8-2020 01:00 PM,http://www.redfin.com/MA/Boston/99-Sumner-St-02128/unit-409/home/170668737,MLS PIN,72624167,N,Y,42.3699466,-71.0422541
MLS Listing,,Condo/Co-op,99 Sumner Ph 612,Boston,MA,02128,1349900,2,2.0,East Boston,1206,,2021,10,1119,937,Active,March-8-2020 11:00 AM,March-8-2020 01:00 PM,http://www.redfin.com/MA/Boston/99-Sumner-St-02128/unit-612/home/170668736,MLS PIN,72624166,N,Y,42.3699466,-71.0422541
MLS Listing,,Condo/Co-op,99 Sumner Ph 610,Boston,MA,02128,749900,1,1.0,East Boston,717,,2021,10,1046,498,Active,March-8-2020 11:00 AM,March-8-2020 01:00 PM,http://www.redfin.com/MA/Boston/99-Sumner-St-02128/unit-610/home/170668735,MLS PIN,72624163,N,Y,42.3699466,-71.0422541
MLS Listing,,Condo/Co-op,431 Columbus Ave #6,Boston,MA,02116,799950,3,1.0,South End,765,765,1899,10,1046,245,Active,March-8-2020 11:30 AM,March-8-2020 01:00 PM,http://www.redfin.com/MA/Boston/431-Columbus-Ave-02116/unit-6/home/9233578,MLS PIN,72624117,N,Y,42.3440876,-71.0778469
MLS Listing,,Condo/Co-op,15 Main St Unit B,Boston,MA,02129,589000,1,1.0,Charlestown,675,,1987,10,873,230,Active,March-8-2020 11:30 AM,March-8-2020 12:30 PM,http://www.redfin.com/MA/Boston/15-Main-St-02129/unit-B/home/9052233,MLS PIN,72624098,N,Y,42.372716,-71.061723
MLS Listing,,Condo/Co-op,9 Douglas St #4,Boston,MA,02127,774900,2,1.0,South Boston,805,,1915,10,963,200,Active,March-8-2020 12:30 PM,March-8-2020 02:00 PM,http://www.redfin.com/MA/Boston/9-Douglas-St-02127/unit-4/home/170668361,MLS PIN,72624072,N,Y,42.3307922,-71.0428937
MLS Listing,,Condo/Co-op,36 Central Ave #6,Milton,MA,02186,799900,2,2.0,Milton,1570,,2010,10,509,607,Active,,,http://www.redfin.com/MA/Milton/36-Central-Ave-02186/unit-6/home/45406856,MLS PIN,72624006,N,Y,42.2689171,-71.0730745
MLS Listing,,Condo/Co-op,69 Cottage St #3,Boston,MA,02128,499999,1,1.0,East Boston's Jeffries Point,705,,2016,10,709,226,Active,,,http://www.redfin.com/MA/Boston/69-Cottage-St-02128/unit-3/home/109223126,MLS PIN,72623987,N,Y,42.3673369,-71.0353235
MLS Listing,,Condo/Co-op,250 Athens St #1,Boston,MA,02127,499000,1,1.0,South Boston,619,435,1905,10,806,135,Active,,,http://www.redfin.com/MA/Boston/250-Athens-St-02127/unit-1/home/9318791,MLS PIN,72623984,N,Y,42.3388523,-71.0496074
MLS Listing,,Condo/Co-op,1 Franklin St #1004,Boston,MA,02110,1899900,2,2.0,Midtown,1498,,2016,10,1268,1534,Active,,,http://www.redfin.com/MA/Boston/1-Franklin-St-02110/unit-1004/home/145254387,MLS PIN,72623979,N,Y,42.3563166,-71.0595573
MLS Listing,,Single Family Residential,63 Constance Rd,Boston,MA,02132,899000,4,3.0,West Roxbury,2010,7475,1897,11,447,,Active,March-8-2020 02:00 PM,March-8-2020 03:30 PM,http://www.redfin.com/MA/West-Roxbury/63-Constance-Rd-02132/home/9217077,MLS PIN,72623941,N,Y,42.2747278,-71.1658087
MLS Listing,,Condo/Co-op,687 E Second St #8,Boston,MA,02127,1099000,2,2.0,South Boston,1530,1490,2014,11,718,497,Active,March-8-2020 12:00 PM,March-8-2020 01:30 PM,http://www.redfin.com/MA/Boston/687-E-2nd-St-02127/unit-8/home/109543721,MLS PIN,72623936,N,Y,42.3371413,-71.0357685
MLS Listing,,Condo/Co-op,9 Commonwealth Ct #15,Boston,MA,02135,400000,2,1.0,Boston,734,734,1964,11,545,474,Active,,,http://www.redfin.com/MA/Boston/9-Commonwealth-Ct-02135/unit-15/home/9014480,MLS PIN,72623932,N,Y,42.3460438,-71.1401698
MLS Listing,,Condo/Co-op,32 Mill St #1,Boston,MA,02122,650000,3,1.5,Boston,2000,,1831,11,325,384,Active,March-8-2020 12:00 PM,March-8-2020 01:30 PM,http://www.redfin.com/MA/Dorchester/32-Mill-St-02122/unit-1/home/170666373,MLS PIN,72623884,N,Y,42.2994317,-71.0517964
MLS Listing,,Townhouse,161 Mount Hope St #5,Boston,MA,02131,450000,3,1.5,Roslindale,1719,1950,1988,11,262,354,Active,March-8-2020 01:00 PM,March-8-2020 02:00 PM,http://www.redfin.com/MA/Roslindale/161-Mt-Hope-St-02131/unit-5/home/17900434,MLS PIN,72623852,N,Y,42.2812034,-71.113338
MLS Listing,,Multi-Family (2-4 Unit),15-17 Playstead Rd,Newton,MA,02458,899000,4,3.0,Newton Corner,2004,5101,1955,11,449,,Active,,,http://www.redfin.com/MA/Newton/15-Playstead-Rd-02458/home/11471928,MLS PIN,72623821,N,Y,42.3525781,-71.1743603
MLS Listing,,Single Family Residential,1 Wallingford Rd,Boston,MA,02135,975000,4,2.0,Brighton,2320,2431,1910,11,420,,Active,March-8-2020 12:00 PM,March-8-2020 01:30 PM,http://www.redfin.com/MA/Brighton/1-Wallingford-Rd-02135/home/9033113,MLS PIN,72623808,N,Y,42.3413883,-71.1506306
MLS Listing,,Condo/Co-op,1 Franklin St #3801,Boston,MA,02110,3025000,2,2.5,Midtown,1589,,2016,11,1904,1954,Active,,,http://www.redfin.com/MA/Boston/1-Franklin-St-02110/unit-3801/home/113751576,MLS PIN,72623726,N,Y,42.3563166,-71.0595573
MLS Listing,,Condo/Co-op,27 Armandine St #3,Boston,MA,02124,519000,2,2.0,Dorchester's Codman Square,1051,,1905,11,494,200,Active,,,http://www.redfin.com/MA/Boston/27-Armandine-St-02124/unit-3/home/170664874,MLS PIN,72623708,N,Y,42.2847851,-71.0722244
MLS Listing,,Condo/Co-op,71 Rossmore Rd #5,Boston,MA,02130,425000,1,1.0,Jamaica Plain,753,6693,1910,11,564,256,Active,March-8-2020 01:00 PM,March-8-2020 02:00 PM,http://www.redfin.com/MA/Boston/71-Rossmore-Rd-02130/unit-5/home/9137958,MLS PIN,72623687,N,Y,42.3037093,-71.1060589
MLS Listing,,Condo/Co-op,33 Pond Ave #1003,Brookline,MA,02445,850000,2,2.0,Brookline Village,1005,357191,1970,11,846,1142,Active,,,http://www.redfin.com/MA/Brookline/33-Pond-Ave-02445/unit-1003/home/11487023,MLS PIN,72623676,N,Y,42.3313518,-71.1140979
MLS Listing,,Condo/Co-op,32 Traveler St #601,Boston,MA,02118,1175000,2,1.0,South End,920,,2015,11,1277,893,Active,March-8-2020 12:45 PM,March-8-2020 02:30 PM,http://www.redfin.com/MA/Boston/32-Traveler-St-02118/unit-601/home/65672562,MLS PIN,72623653,N,Y,42.3446088,-71.0638983
MLS Listing,,Condo/Co-op,21 Fr. Francis Gilday #109,Boston,MA,02118,1389000,2,2.0,South End,1419,,1864,11,979,1038,Active,March-8-2020 11:00 AM,March-8-2020 12:30 PM,http://www.redfin.com/MA/Boston/21-Father-Francis-Gilday-St-02118/unit-109/home/21718059,MLS PIN,72623645,N,Y,42.3371558,-71.0732041
MLS Listing,,Condo/Co-op,20 Chapel St Unit C805,Brookline,MA,02446,1665000,2,2.0,Brookline,1521,,1920,11,1095,1517,Active,,,http://www.redfin.com/MA/Brookline/20-Chapel-St-02446/unit-C805/home/12458265,MLS PIN,72623560,N,Y,42.3410329,-71.1110021
MLS Listing,,Condo/Co-op,20 Chapel St Unit C807,Brookline,MA,02446,699000,1,1.0,Brookline,815,,1920,11,858,601,Active,,,http://www.redfin.com/MA/Brookline/20-Chapel-St-02446/unit-C807/home/12458068,MLS PIN,72623559,N,Y,42.3410329,-71.1110021
MLS Listing,,Single Family Residential,19 Monmouth Ct,Brookline,MA,02446,2500000,4,2.5,Brookline,3116,2527,1870,11,802,,Active,,,http://www.redfin.com/MA/Brookline/19-Monmouth-Ct-02446/home/11458253,MLS PIN,72623557,N,Y,42.3440753,-71.107514
MLS Listing,,Condo/Co-op,85 Brainerd Rd #506,Boston,MA,02134,725000,2,1.5,Allston,980,980,1986,11,740,596,Active,,,http://www.redfin.com/MA/Boston/85-Brainerd-Rd-02134/unit-506/home/8986083,MLS PIN,72623511,N,Y,42.3474042,-71.134768
MLS Listing,,Condo/Co-op,287-295 Hanover St Unit 5-5,Boston,MA,02113,742000,1,1.0,North End,816,816,1880,11,909,460,Active,March-8-2020 01:00 PM,March-8-2020 02:00 PM,http://www.redfin.com/MA/Boston/287-Hanover-St-02113/unit-5-5/home/9278790,MLS PIN,72621484,N,Y,42.3637068,-71.0542625
MLS Listing,,Parking,377 Commonwealth,Boston,MA,02116,249000,,,Back Bay,,,,11,,38,Active,,,http://www.redfin.com/MA/Boston/377-Commonwealth-Ave-02115/unit-3/home/9270231,MLS PIN,72623447,N,Y,42.3494687,-71.0895037
MLS Listing,,Multi-Family (2-4 Unit),61 W Eagle St,Boston,MA,02128,849000,8,3.0,East Boston's Eagle Hill,2214,2500,1939,11,383,,Active,,,http://www.redfin.com/MA/Boston/61-W-Eagle-St-02128/home/9113032,MLS PIN,72623435,N,Y,42.3811876,-71.0372641
MLS Listing,,Condo/Co-op,85 E India Row Unit 23 A/B,Boston,MA,02110,2750000,3,3.5,Boston,2381,,1972,12,1155,2708,Active,,,http://www.redfin.com/MA/Boston/85-E-India-Row-02110/unit-23-A-B/home/137677892,MLS PIN,72623371,N,Y,42.3581173,-71.0497989
MLS Listing,,Condo/Co-op,1 Franklin St #2703,Boston,MA,02110,3195000,3,3.0,Midtown,1741,,2016,12,1835,2131,Active,,,http://www.redfin.com/MA/Boston/1-Franklin-St-02110/unit-2703/home/144861105,MLS PIN,72623359,N,Y,42.3563166,-71.0595573
MLS Listing,,Condo/Co-op,250 Meridian St #505,Boston,MA,02128,939000,2,2.0,East Boston,1078,,2016,12,871,506,Active,,,http://www.redfin.com/MA/Boston/250-Meridian-St-02128/unit-505/home/102878969,MLS PIN,72623339,N,Y,42.3762796,-71.0393243
MLS Listing,,Condo/Co-op,287 Commonwealth Ave #3,Boston,MA,02115,6695000,4,3.5,Back Bay,3257,3257,1900,12,2056,1350,Active,,,http://www.redfin.com/MA/Boston/287-Commonwealth-Ave-02115/unit-3/home/9238802,MLS PIN,72623334,N,Y,42.3504282,-71.0853176
MLS Listing,,Condo/Co-op,533 E Second #301,Boston,MA,02127,1079000,2,2.0,South Boston,1245,,2020,12,867,,Active,,,http://www.redfin.com/MA/Boston/533-E-2nd-St-02127/unit-301/home/170656642,MLS PIN,72623313,N,Y,42.337013,-71.041996
MLS Listing,,Single Family Residential,160 Mt Vernon St,Boston,MA,02108,4975000,5,5.5,Beacon Hill,3850,1377,1871,12,1292,,Active,,,http://www.redfin.com/MA/Boston/160-Mt-Vernon-St-02108/home/9254555,MLS PIN,72623302,N,Y,42.357278,-71.071726
MLS Listing,,Condo/Co-op,250 Beacon St Unit 17&19,Boston,MA,02116,6575000,4,5.0,Back Bay,4150,,1930,12,1584,3076,Active,,,http://www.redfin.com/MA/Boston/250-Beacon-St-02116/unit-17-19/home/170655870,MLS PIN,72623282,N,Y,42.3537511,-71.0799775
MLS Listing,,Condo/Co-op,90 Broadway Unit 2D,Boston,MA,02116,1149000,2,2.0,Bay Village,929,929,1910,12,1237,615,Active,March-8-2020 12:00 PM,March-8-2020 02:00 PM,http://www.redfin.com/MA/BOSTON/90-BROADWAY-02116/unit-2D/home/9235089,MLS PIN,72623251,N,Y,42.349843,-71.066935
MLS Listing,,Condo/Co-op,120 Fulton St Ph 7A,Boston,MA,02109,2799000,2,2.0,Waterfront,1707,,1830,12,1640,1410,Active,,,http://www.redfin.com/MA/Boston/120-Fulton-St-02109/unit-7A/home/9278959,MLS PIN,72623131,N,Y,42.3631416,-71.0527018
MLS Listing,,Condo/Co-op,549 E 4th St #2,Boston,MA,02127,364900,0,1.0,South Boston,410,,1900,12,890,181,Active,,,http://www.redfin.com/MA/Boston/549-E-4th-St-02127/unit-2/home/169646238,MLS PIN,72622990,N,Y,42.3342542,-71.0426731
MLS Listing,,Condo/Co-op,65 Anderson St Unit 3A,Boston,MA,02114,1575000,2,2.5,Beacon Hill,1290,,1824,12,1221,551,Active,,,http://www.redfin.com/MA/Boston/65-Anderson-St-02114/unit-3A/home/9256696,MLS PIN,72622979,N,Y,42.3589764,-71.0678729
MLS Listing,,Multi-Family (2-4 Unit),653 Columbia Rd,Boston,MA,02125,1300000,99,3.0,Dorchester's Uphams Corner,4392,4395,1970,13,296,,Active,March-8-2020 12:00 PM,March-8-2020 01:30 PM,http://www.redfin.com/MA/Dorchester/653-Columbia-Rd-02125/home/145289231,MLS PIN,72622924,N,Y,42.3186049,-71.0631248
MLS Listing,,Townhouse,123-A FALCON St #1,Boston,MA,02128,539723,2,1.5,East Boston's Eagle Hill,1294,13068,1987,14,417,,Active,March-8-2020 01:00 PM,March-8-2020 03:00 PM,http://www.redfin.com/MA/Boston/123-Falcon-St-02128/unit-1/home/170634802,MLS PIN,72622772,N,Y,42.3817702,-71.03403
MLS Listing,,Townhouse,11 Taylor St Unit TH,Boston,MA,02118,2695000,2,1.5,South End,2124,705,1850,14,1269,,Active,,,http://www.redfin.com/MA/Boston/11-Taylor-St-02118/unit-TH/home/170634027,MLS PIN,72622741,N,Y,42.343857,-71.068656
MLS Listing,,Single Family Residential,11 Taylor St,Boston,MA,02118,2695000,2,1.5,South End,2124,705,1850,14,1269,,Active,,,http://www.redfin.com/MA/Boston/11-Taylor-St-02118/home/9280712,MLS PIN,72622740,N,Y,42.343857,-71.068656
MLS Listing,,Multi-Family (2-4 Unit),186 Marion St,Boston,MA,02128,799000,5,3.5,East Boston,1690,905,1900,14,473,,Active,March-8-2020 01:00 PM,March-8-2020 02:00 PM,http://www.redfin.com/MA/Boston/186-Marion-St-02128/home/9118096,MLS PIN,72622731,N,Y,42.3758184,-71.0352095
MLS Listing,,Condo/Co-op,51 Bicknell #1,Boston,MA,02121,479000,2,2.0,Dorchester,1155,7556,1889,14,415,190,Active,March-8-2020 01:30 PM,March-8-2020 03:00 PM,http://www.redfin.com/MA/Boston/51-Bicknell-St-02121/unit-1/home/170633399,MLS PIN,72622711,N,Y,42.2982242,-71.0828095
MLS Listing,,Condo/Co-op,44 Washington St #1117,Brookline,MA,02445,525000,1,1.0,Brookline Village,705,,1970,14,745,637,Active,,,http://www.redfin.com/MA/Brookline/44-Washington-St-02445/unit-1117/home/11486138,MLS PIN,72622668,N,Y,42.3316128,-71.1147431
MLS Listing,,Condo/Co-op,4 Battery Wharf #4310,Boston,MA,02109,2200000,2,2.0,Waterfront,1574,1574,2008,15,1398,2441,Active,,,http://www.redfin.com/MA/Boston/4-Battery-Wharf-02109/unit-4310/home/17486379,MLS PIN,72622645,N,Y,42.3670325,-71.0501714
MLS Listing,,Multi-Family (2-4 Unit),143-145 Meridian St,Boston,MA,02128,1700000,6,3.0,East Boston,3822,1275,1910,15,445,,Active,,,http://www.redfin.com/MA/Boston/143-Meridian-St-02128/home/21720180,MLS PIN,72622519,N,Y,42.3736793,-71.0388268
MLS Listing,,Condo/Co-op,346 Congress St #512,Boston,MA,02210,669000,0,1.0,Seaport District,708,,1899,15,945,491,Active,,,http://www.redfin.com/MA/Boston/346-354-Congress-St-02210/unit-512/home/39912879,MLS PIN,72622425,N,Y,42.3513204,-71.0477495
MLS Listing,,Condo/Co-op,40 Orkney Rd #3,Boston,MA,02135,575000,2,1.0,Brighton's Cleveland Circle,807,807,1910,15,713,395,Active,,,http://www.redfin.com/MA/Boston/40-Orkney-Rd-02135/unit-3/home/9031782,MLS PIN,72622387,N,Y,42.3367099,-71.1497718
MLS Listing,,Condo/Co-op,197 8Th St #729,Boston,MA,02129,1674000,2,2.5,Charlestown's Navy Yard,1866,,1989,15,897,1969,Active,,,http://www.redfin.com/MA/Boston/197-8th-St-02129/unit-729/home/9050389,MLS PIN,72622269,N,Y,42.3733848,-71.0519798
MLS Listing,,Multi-Family (5+ Unit),148-152 South,Boston,MA,02130,2500000,7,4.5,Jamaica Plain,4608,2718,1920,15,543,,Active,,,http://www.redfin.com/MA/Jamaica-Plain/148-South-St-02130/home/170607785,MLS PIN,72622234,N,Y,42.3047353,-71.11447
MLS Listing,,Condo/Co-op,1104 Adams St #3,Boston,MA,02124,469000,1,1.0,Dorchester's Lower Mills,615,,1925,16,763,180,Active,,,http://www.redfin.com/MA/Boston/1104-Adams-St-02124/unit-3/home/170606404,MLS PIN,72622176,N,Y,42.2737074,-71.0630784
MLS Listing,,Single Family Residential,406 W First St #406,Boston,MA,02127,1100000,3,2.0,South Boston,1581,500,2012,16,696,435,Active,March-8-2020 12:30 PM,March-8-2020 01:30 PM,http://www.redfin.com/MA/Boston/406-W-First-St-02127/unit-406/home/113245553,MLS PIN,72622101,N,Y,42.3375359,-71.0435081
MLS Listing,,Townhouse,243 Chestnut Ave #2,Boston,MA,02130,1285000,3,2.0,Jamaica Plain,2334,2334,1920,16,551,550,Active,March-8-2020 12:30 PM,March-8-2020 02:00 PM,http://www.redfin.com/MA/Boston/243-Chestnut-Ave-02130/unit-2/home/9300166,MLS PIN,72622031,N,Y,42.31425,-71.1084988
MLS Listing,,Single Family Residential,243 Chestnut Ave Unit B,Boston,MA,02130,1285000,3,2.0,Jamaica Plain,2334,2334,1920,16,551,550,Active,March-8-2020 12:30 PM,March-8-2020 02:00 PM,http://www.redfin.com/MA/Jamaica-Plain/243-Chestnut-Ave-02130/unit-B/home/169045151,MLS PIN,72622030,N,Y,42.3143708,-71.1088618
MLS Listing,,Condo/Co-op,130 Appleton St Unit 5B,Boston,MA,02116,999000,2,1.0,South End,1063,1164,1866,16,940,576,Active,,,http://www.redfin.com/MA/Boston/130-Appleton-St-02116/unit-5B/home/9253511,MLS PIN,72622020,N,Y,42.3448246,-71.0749868
MLS Listing,,Single Family Residential,21 Cookson Ter,Boston,MA,02126,599000,3,2.5,Mattapan,2200,3468,2019,16,272,,Active,,,http://www.redfin.com/MA/Mattapan/21-Cookson-Ter-02126/home/9157506,MLS PIN,72621957,N,Y,42.2721076,-71.091015
MLS Listing,,Single Family Residential,67 Overlook Rd,Boston,MA,02132,579900,4,2.5,West Roxbury,2000,8056,2001,16,290,,Active,March-8-2020 12:00 PM,March-8-2020 01:30 PM,http://www.redfin.com/MA/West-Roxbury/67-Overlook-Rd-02132/home/9309148,MLS PIN,72621954,N,Y,42.2617055,-71.1580903
MLS Listing,,Condo/Co-op,319 A St #204,Boston,MA,02210,625000,0,1.0,Seaport District,521,,1913,16,1200,504,Active,,,http://www.redfin.com/MA/Boston/319-A-St-02210/unit-204/home/145285800,MLS PIN,72621942,N,Y,42.3488069,-71.0494346
MLS Listing,,Condo/Co-op,156 Porter St #406,Boston,MA,02128,669000,1,2.0,East Boston's Jeffries Point,1071,1071,1910,16,625,482,Active,March-8-2020 01:00 PM,March-8-2020 02:30 PM,http://www.redfin.com/MA/Boston/156-Porter-St-02128/unit-406/home/12431727,MLS PIN,72621914,N,Y,42.3713905,-71.0324272
MLS Listing,,Condo/Co-op,170 Tremont St #1701,Boston,MA,02111,1799000,3,2.0,Midtown,1430,1430,1989,16,1258,1965,Active,March-8-2020 01:30 PM,March-8-2020 02:30 PM,http://www.redfin.com/MA/Boston/170-Tremont-St-02111/unit-1701/home/9232391,MLS PIN,72621867,N,Y,42.3536576,-71.063854
MLS Listing,,Condo/Co-op,180 Telford St #221,Boston,MA,02135,669000,1,1.0,Allston,783,,2018,16,854,618,Active,,,http://www.redfin.com/MA/Boston/180-Telford-St-02135/unit-221/home/114012895,MLS PIN,72621804,N,Y,42.3638661,-71.1376193
MLS Listing,,Condo/Co-op,65 Glen Rd Unit H1,Brookline,MA,02445,599000,2,2.0,Brookline,949,,1900,16,631,700,Active,,,http://www.redfin.com/MA/Brookline/65-Glen-Rd-02445/unit-H1/home/11489147,MLS PIN,72621795,N,Y,42.3269579,-71.1172823
MLS Listing,,Multi-Family (2-4 Unit),15 greycliff,Boston,MA,02135,1699999,6,4.0,Brighton's Cleveland Circle,3701,4500,1920,16,459,,Active,March-8-2020 12:00 PM,March-8-2020 02:00 PM,http://www.redfin.com/MA/Brighton/15-Greycliff-Rd-02135/home/9039249,MLS PIN,72621782,N,Y,42.3407249,-71.160935
MLS Listing,,Condo/Co-op,2779 Washington St #4,Boston,MA,02119,519000,3,2.5,Roxbury's Fort Hill,1417,1417,2007,16,366,218,Active,,,http://www.redfin.com/MA/Boston/2779-Washington-St-02119/unit-4/home/12386749,MLS PIN,72621784,N,Y,42.3219233,-71.0913478
MLS Listing,,Multi-Family (2-4 Unit),4 Wallingford Rd,Boston,MA,02135,1900000,6,4.5,Brighton,2432,2480,1920,16,781,,Active,,,http://www.redfin.com/MA/Brighton/4-Wallingford-Rd-02135/home/9025720,MLS PIN,72621775,N,Y,42.34117,-71.1510947
MLS Listing,,Condo/Co-op,21 Father Francis Gilday St #510,Boston,MA,02118,995000,2,2.0,South End,1186,1186,1900,16,839,832,Active,March-8-2020 12:00 PM,March-8-2020 01:30 PM,http://www.redfin.com/MA/Boston/21-Father-Francis-Gilday-St-02118/unit-510/home/21718321,MLS PIN,72621766,N,Y,42.3371558,-71.0732041
MLS Listing,,Condo/Co-op,11 Dartmouth Pl #3,Boston,MA,02116,1250000,2,1.0,South End,1090,1090,1860,16,1147,376,Active,March-8-2020 12:00 PM,March-8-2020 01:30 PM,http://www.redfin.com/MA/Boston/11-Dartmouth-Pl-02116/unit-3/home/9242658,MLS PIN,72621763,N,Y,42.3449696,-71.0735365
MLS Listing,,Multi-Family (2-4 Unit),104 Jamaica St,Boston,MA,02130,849000,6,2.0,Jamaica Plain,1843,3880,1880,16,461,,Active,March-8-2020 11:00 AM,March-8-2020 12:00 PM,http://www.redfin.com/MA/Jamaica-Plain/104-Jamaica-St-02130/home/9149768,MLS PIN,72621745,N,Y,42.3058681,-71.1164834
MLS Listing,,Condo/Co-op,17 Harvest St #1,Boston,MA,02125,549000,2,2.0,Dorchester,1169,1319,1900,16,470,278,Active,March-8-2020 12:00 PM,March-8-2020 02:00 PM,http://www.redfin.com/MA/Boston/17-Harvest-St-02125/unit-1/home/9311722,MLS PIN,72621702,N,Y,42.3229788,-71.0577717
MLS Listing,,Condo/Co-op,350 W Broadway #10,Boston,MA,02127,1699000,3,2.5,South Boston,1746,1746,2014,16,973,684,Active,,,http://www.redfin.com/MA/Boston/350-W-Broadway-02127/unit-10/home/54544537,MLS PIN,72621670,N,Y,42.3383228,-71.0494676
MLS Listing,,Condo/Co-op,89 Lyndhurst St #4,Boston,MA,02124,364000,3,1.0,Boston,819,819,1899,17,444,300,Active,,,http://www.redfin.com/MA/Boston/89-Lyndhurst-St-02124/unit-4/home/9305572,MLS PIN,72621621,N,Y,42.2932344,-71.0677801
MLS Listing,,Multi-Family (2-4 Unit),255 Webster St,Boston,MA,02128,1375000,7,3.5,East Boston's Jeffries Point,2871,1800,1900,17,479,,Active,March-8-2020 11:00 AM,March-8-2020 01:00 PM,http://www.redfin.com/MA/Boston/255-Webster-St-02128/home/9305858,MLS PIN,72621617,N,Y,42.3645757,-71.0316077
MLS Listing,,Condo/Co-op,156 L St,Boston,MA,02127,825000,2,2.0,South Boston,1335,1335,1885,17,618,200,Active,,,http://www.redfin.com/MA/Boston/156-L-St-02127/unit-1/home/113232136,MLS PIN,72621578,N,Y,42.3326729,-71.0350657
MLS Listing,,Condo/Co-op,23 Trenton St #1,Boston,MA,02129,829000,2,2.0,Charlestown,1130,,1880,17,734,140,Active,March-8-2020 12:00 PM,March-8-2020 02:00 PM,http://www.redfin.com/MA/Boston/23-Trenton-St-02129/unit-1/home/40293017,MLS PIN,72621571,N,Y,42.3780873,-71.0613643
MLS Listing,,Condo/Co-op,255 Northampton St #203,Boston,MA,02118,825000,1,1.0,South End,1020,1020,2006,17,809,316,Active,March-8-2020 02:00 PM,March-8-2020 03:30 PM,http://www.redfin.com/MA/Boston/255-Northampton-St-02118/unit-203/home/21718699,MLS PIN,72621541,N,Y,42.3394718,-71.0814708
MLS Listing,,Condo/Co-op,410 W Broadway St #201,Boston,MA,02127,899900,3,2.0,South Boston,1215,,2019,17,741,385,Active,March-8-2020 11:00 AM,March-8-2020 12:30 PM,http://www.redfin.com/MA/Boston/410-W-Broadway-02127/unit-201/home/170599288,MLS PIN,72621504,N,Y,42.3372584,-71.0477571
MLS Listing,,Condo/Co-op,1 Franklin St #1011,Boston,MA,02110,1150000,1,1.0,Midtown,948,,2016,17,1213,606,Active,March-8-2020 12:00 PM,March-8-2020 01:30 PM,http://www.redfin.com/MA/Boston/1-Franklin-St-02110/unit-1011/home/140110145,MLS PIN,72621501,N,Y,42.3563166,-71.0595573
MLS Listing,,Condo/Co-op,1 Nassau St Unit pkg 107,Boston,MA,02111,75000,0,,Boston,,,2004,17,,103,Active,,,http://www.redfin.com/MA/Boston/1-Nassau-St-02111/unit-pkg-107/home/170598989,MLS PIN,72621465,N,Y,42.3487275,-71.0629888
MLS Listing,,Condo/Co-op,1 Charles St S Unit 4G,Boston,MA,02116,2095000,2,2.5,Back Bay,1753,,2004,17,1195,2022,Active,,,http://www.redfin.com/MA/Boston/1-Charles-St-S-02116/unit-4G/home/9329262,MLS PIN,72621459,N,Y,42.3511397,-71.0671978
MLS Listing,,Condo/Co-op,50 Rutland Sq #1,Boston,MA,02118,1649000,2,2.5,South End,1574,,1860,17,1048,418,Active,March-8-2020 12:00 PM,March-8-2020 01:30 PM,http://www.redfin.com/MA/Boston/50-Rutland-Sq-02118/unit-1/home/9284271,MLS PIN,72621331,N,Y,42.3421452,-71.0788381
MLS Listing,,Condo/Co-op,1 Franklin St #4001,Boston,MA,02110,2995000,2,2.5,Midtown,1589,,2016,17,1885,1998,Active,,,http://www.redfin.com/MA/Boston/1-Franklin-St-02110/unit-4001/home/145254626,MLS PIN,72621316,N,Y,42.3563166,-71.0595573
MLS Listing,,Condo/Co-op,1790 Columbia Rd Unit B,Boston,MA,02127,839000,3,1.0,South Boston,934,934,1920,17,898,110,Active,,,http://www.redfin.com/MA/Boston/1790-Columbia-Rd-02127/unit-B/home/9191897,MLS PIN,72621092,N,Y,42.3318935,-71.0295184
MLS Listing,,Condo/Co-op,1 Nassau St #2204,Boston,MA,02111,1250000,2,2.5,Midtown,1749,1749,2004,18,715,2519,Active,,,http://www.redfin.com/MA/Boston/1-Nassau-St-02111/unit-2204/home/9329629,MLS PIN,72620932,N,Y,42.348524,-71.0629362
